district,farm_size_acres,variety,soil_type,irrigation_type,seasonal_rainfall_mm,fertilizer_kg_per_acre,previous_yield_kg_per_acre,pest_disease_level,yield_kg_per_acre
Anuradhapura,1.011369292777067,Hybrid_A,Loam,Rainfed,1501.1442496072655,73.9812220214758,2883.8046284262023,Low,4300.0
Anuradhapura,1.9209643158900203,Hybrid_A,Loam,Rainfed,650.2472952357637,78.30965872250434,3556.4175834642124,Medium,3635.32275057664
Anuradhapura,0.3,Hybrid_A,Loam,Rainfed,770.0326197008308,94.92554974735253,3112.553979767332,Medium,3412.9297896362295
Anuradhapura,0.5972164212696567,Hybrid_A,Sandy,Rainfed,959.8568860396318,113.85732955698869,2833.5422736535556,Low,4069.159916633566
Anuradhapura,2.709851179761103,Hybrid_B,Sandy,Canal,1032.873377918608,55.93005342815071,2181.03001992409,Low,3357.2664306304464
Anuradhapura,4.1280393352982365,Hybrid_A,Clay,Rainfed,657.3269618911768,116.93182299436083,2245.1581512215757,Low,3081.639727837387
Anuradhapura,3.5317658297271093,OPV_Local,Loam,Tank,1329.7324200789453,66.73986873097446,3087.4558899873914,Low,4300.0
Anuradhapura,0.41118123919698335,Hybrid_A,Loam,Tube well,1170.3556204906954,69.42273305348384,2356.368230447898,Low,4011.1038269493024
Anuradhapura,0.6714109875690324,Hybrid_A,Clay,Canal,832.2852701726217,67.3741986640823,2987.5653633022066,Medium,3650.138526134753
Anuradhapura,1.5731407503771315,Hybrid_A,Loam,Tank,693.6908646562297,55.92726239748665,2531.9454169109804,Low,3177.953549593774
Anuradhapura,1.8348380850178383,Hybrid_A,Loam,Tank,1336.0760087451697,107.53234808878483,2969.4933240659007,Medium,4300.0
Anuradhapura,1.9941578333685075,Hybrid_A,Loam,Canal,1063.4580743849208,79.53119279453075,2822.840180443133,Low,4030.5790196519824
Anuradhapura,2.404405016947382,Hybrid_B,Sandy,Canal,1003.2260038898551,30.270024600254082,2696.582969608954,Low,3356.0477358199946
Anuradhapura,2.908073043398817,Hybrid_A,Clay,Tank,667.9994913918974,55.74504828011097,2559.652503591107,Medium,2883.6926063668716
Anuradhapura,0.3,Hybrid_B,Loam,Tank,1203.8584696691385,36.09256771389258,2858.639573684779,High,3801.7391845948364
Anuradhapura,1.6907520471776545,Hybrid_B,Loam,Rainfed,1308.7588703336587,58.512703033505474,3279.435731000647,High,4300.0
Anuradhapura,2.907344538604125,Hybrid_B,Loam,Tank,1193.2641506214404,80.30261039007846,2916.126925607529,Medium,4298.682624429943
Anuradhapura,1.8940386811586094,Hybrid_A,Loam,Tank,1409.90139761991,54.63838089750483,3158.4004196062065,Low,4300.0
Anuradhapura,0.4011196956289631,Hybrid_A,Clay,Rainfed,1079.75456417859,34.0048811572611,2832.5819727369126,Low,3715.7029602067432
Anuradhapura,1.7014883119511985,Hybrid_A,Loam,Rainfed,1676.6615774146267,94.33916546406333,3338.1112287711803,Medium,4300.0
Anuradhapura,0.47025993654443443,Hybrid_B,Clay,Tank,871.3891524805947,80.45392931869117,2278.4757391048715,Medium,3117.347994488303
Anuradhapura,1.220493996689847,OPV_Local,Sandy,Tube well,945.3353361050326,91.72274639965266,2404.032763235594,Low,3484.958439046331
Anuradhapura,2.5086530777425744,Hybrid_A,Loam,Rainfed,1170.537607817868,43.158241065620246,2561.4201086974995,Low,3728.982861228288
Anuradhapura,0.3,Hybrid_A,Sandy,Rainfed,1033.85164070239,63.93029412831618,2305.751073040146,Medium,3495.3214617699095
Anuradhapura,1.1891916095072803,Hybrid_A,Sandy,Rainfed,836.7262778922693,55.680089183999655,2809.326976146662,High,3120.7553719100397
Anuradhapura,1.2204996809244948,Hybrid_B,Sandy,Tube well,1292.0634705470165,93.13474062950806,3058.631512039777,Low,4300.0
Anuradhapura,2.6875307838587834,Hybrid_A,Sandy,Tank,1099.3025402105486,44.86390386511977,2512.2410276850205,Medium,3376.4131246408365
Anuradhapura,0.6873121898099774,Hybrid_B,Loam,Canal,1189.0532027226068,96.25999543096182,3070.6312818380616,High,4233.054773653492
Anuradhapura,3.3076550778756477,Hybrid_A,Clay,Canal,1385.376186234672,69.83119863429864,2592.875530736738,Medium,4300.0
Anuradhapura,2.802457693015869,Hybrid_A,Sandy,Canal,732.9302581922996,15.263568511982953,2987.274105056215,None,2876.2238904539945
Anuradhapura,3.270713559253849,Hybrid_A,Loam,Tank,784.7873929540641,68.15380898965232,2874.3479747521296,Low,3520.3508893161916
Anuradhapura,2.881398889183963,Hybrid_B,Sandy,Tank,1281.5124907779896,102.72872394490263,2553.1470055366876,Medium,4300.0
Anuradhapura,2.3694674749525655,Hybrid_A,Sandy,Tank,1272.5010312019497,73.33681008763088,3005.185907679511,Low,4249.254280580944
Anuradhapura,1.6845772431823625,Hybrid_A,Loam,Rainfed,1247.9748360397653,87.43269086714616,3237.6976087319604,Low,4300.0
Anuradhapura,3.3426478773348545,Hybrid_A,Sandy,Tank,685.0106946763865,57.71904825126923,2978.4793877190255,Low,3146.9505314119288
Anuradhapura,1.8239302896235592,Hybrid_A,Loam,Tank,1174.020501295589,56.21801360465621,2939.6079226664688,High,3838.22516102129
Anuradhapura,2.0623298523096327,OPV_Local,Loam,Rainfed,902.6961947389391,80.79851576084477,2767.0119058288874,High,3199.752925221045
Anuradhapura,1.5150597295682058,Hybrid_A,Clay,Tank,1406.6310060541218,57.69412199544518,2740.3135908551026,Low,4300.0
Anuradhapura,1.8889046469817252,Hybrid_B,Loam,Canal,1270.679020510373,45.80675625640448,2929.8137980252363,Low,4300.0
Anuradhapura,0.3,Hybrid_A,Sandy,Canal,1058.3274403863502,72.40324483563654,3462.6256736400155,Medium,4239.280801221666
Anuradhapura,1.8050343898889025,Hybrid_A,Loam,Tank,1156.7249091348324,78.87993898610142,2799.3375778065274,Low,4300.0
Anuradhapura,1.9988207886600913,Hybrid_B,Clay,Canal,1097.2808243684956,66.67973182917699,2651.376843061963,Low,3708.96919892613
Anuradhapura,2.212108016218251,OPV_Local,Clay,Rainfed,966.8859880411665,86.49081657021986,2820.8897368273383,Low,3563.440479713652
Anuradhapura,1.533111421168701,Hybrid_B,Loam,Tank,1010.0245223629106,85.69536546146676,2556.3358362211725,Low,3951.5232246853525
Anuradhapura,0.46220036677313425,OPV_Local,Loam,Tank,1323.6746492786488,73.89108504326674,2865.389348661993,Low,4300.0
Anuradhapura,0.9036527268409867,Hybrid_A,Sandy,Rainfed,1286.0481583909302,79.65022817016211,2403.152298695218,Low,3871.2881500614276
Anuradhapura,1.6490965279871512,Hybrid_A,Clay,Tank,906.2902761333709,78.27090260883102,2417.4094290106536,Low,3381.254065559503
Anuradhapura,1.8546347651160728,Hybrid_A,Loam,Rainfed,1050.8101691709114,74.00582849121949,2979.24728083683,None,3886.8009290977798
Anuradhapura,3.509768230597041,Hybrid_A,Clay,Tube well,973.3609273510137,40.927721235217774,2352.610824521459,High,3204.6518788472235
Anuradhapura,2.652066286250764,Hybrid_A,Sandy,Tank,1050.103481554332,92.8959137610207,2783.658056457374,None,4060.096293721491
Anuradhapura,0.5866864421452056,Hybrid_B,Sandy,Tube well,1121.1778192040094,45.91492876387288,2635.9793506295873,Low,3684.270496528093
Anuradhapura,2.840119363110947,Hybrid_B,Loam,Rainfed,976.9703244498536,81.2542216274841,2973.481373986378,Medium,3715.4585816118047
Anuradhapura,1.8862233060929412,Hybrid_A,Clay,Rainfed,640.6737983037119,60.404988578997234,2903.8491168319665,Medium,2924.460207405786
Anuradhapura,1.5837826158366142,Hybrid_A,Clay,Rainfed,1486.0852757623932,85.2399006125709,2286.8811914503863,Low,4300.0
Anuradhapura,0.9712301649069071,Hybrid_A,Sandy,Tank,526.1936015800356,60.81067153357567,3136.9113927582835,Low,2892.443364812942
Anuradhapura,2.553358088284585,Hybrid_A,Clay,Tube well,932.8921387112688,131.99939823385694,3231.6971429682476,Low,4229.8443896734625
Anuradhapura,1.0235371032868636,Hybrid_A,Sandy,Canal,874.1249697077836,89.10981273372107,2477.3824143869588,Low,3431.7573101688204
Anuradhapura,2.81594968022748,Hybrid_B,Clay,Tank,774.5605284518776,90.52422361726606,2678.302717984564,Medium,3373.9274535989725
Anuradhapura,1.2205237537781013,Hybrid_A,Loam,Tank,974.0831677170565,121.90795769469912,3210.8163660573573,Medium,4300.0
Anuradhapura,1.7034848478733653,Hybrid_A,Loam,Rainfed,1074.7502317897233,70.24069379238712,3311.5031088913956,Low,4102.981635464407
Anuradhapura,3.0310298024940057,Hybrid_B,Clay,Tube well,1260.102478490353,42.25141121857551,2601.5487650681384,Medium,3831.221315663311
Anuradhapura,0.7931433572956585,Hybrid_A,Sandy,Canal,1092.561940066422,56.9833933532234,2973.421820430022,Low,3936.942331505731
Anuradhapura,2.8910836484106417,Hybrid_B,Clay,Rainfed,1089.2180457973973,42.231086517266036,2763.908747792139,High,3471.345623353397
Anuradhapura,0.7779057757578831,Hybrid_B,Loam,Rainfed,752.1156574123211,62.968250443542324,3633.820479716478,Low,3540.460901871546
Anuradhapura,2.250267935027976,Hybrid_A,Loam,Tank,1137.178641591038,125.86285679462246,2797.2004918557436,Low,4248.990151800814
Anuradhapura,1.2236970639158984,Hybrid_A,Loam,Tank,1352.1934195422168,82.80837633998601,2583.3324686992096,Low,4300.0
Anuradhapura,1.5497847600022212,OPV_Local,Loam,Tank,861.4628834415902,55.225599523303885,2813.234209210446,Low,3491.189078671265
Anuradhapura,0.3,Hybrid_B,Loam,Rainfed,1509.7661323765356,56.70298063423958,2690.477401101486,Low,4300.0
Anuradhapura,0.3,OPV_Local,Clay,Tank,920.1452037996119,44.6832609250778,3126.572317426871,Low,3467.7753927581543
Anuradhapura,2.5773745579113014,Hybrid_A,Loam,Tank,1144.6503052627054,73.2167255203063,2566.0180760130993,None,4070.6016105093104
Anuradhapura,2.8472063886309593,OPV_Local,Loam,Tank,1348.0170196582067,96.20399502921622,2758.3215210727735,Medium,4300.0
Anuradhapura,2.1409642888058094,Hybrid_A,Loam,Canal,1242.7430386943197,63.12008470951801,2208.685963369606,Medium,3919.0488823767905
Anuradhapura,1.5648382921702755,Hybrid_B,Loam,Rainfed,945.6665003917136,36.006786670748426,2735.29868364324,Low,3438.152138814857
Anuradhapura,1.3848463794872194,Hybrid_A,Loam,Tank,887.0246655852437,96.20005308264334,2891.883688631704,Low,3874.1590856172925
Anuradhapura,1.2171979891253728,Hybrid_A,Loam,Rainfed,1533.5023591191823,21.141025925173842,3082.24655334181,Low,4300.0
Anuradhapura,2.4257569744046017,Hybrid_A,Loam,Tank,1171.1581371151815,39.011455419259164,2754.406003352846,Medium,3882.5455518293393
Anuradhapura,0.5174477041162255,Hybrid_A,Sandy,Rainfed,867.0453521716483,85.59449610978268,3601.5848191524474,Medium,3693.241049933939
Anuradhapura,2.2436658064181882,Hybrid_A,Sandy,Tank,1163.9879603126428,93.21563800600448,2544.6028821722293,Low,4079.6703522200078
Anuradhapura,2.928246424844036,Hybrid_B,Clay,Tank,1390.0791221471602,73.62841204473125,2653.4403793499296,Medium,4300.0
Anuradhapura,2.6912724829652594,Hybrid_A,Loam,Tank,1167.3634334484993,53.407204962356005,2922.6396608425216,Low,4146.334522631237
Anuradhapura,2.5287773957392212,Hybrid_B,Loam,Tube well,401.1849780380231,57.37523848599665,2972.0748625120505,Medium,2589.5318043497286
Anuradhapura,1.5034705722984303,Hybrid_A,Loam,Tank,900.8106977945819,95.5041154174055,2883.10135631869,Low,3775.3320303287046
Anuradhapura,0.4663019168033118,Hybrid_B,Loam,Tank,1394.2099420302643,75.26985336367567,2798.5892776811443,Medium,4300.0
Anuradhapura,1.627730828692978,Hybrid_A,Loam,Tank,1438.6787283331103,53.8568745049501,2801.898212473342,High,4285.966183605159
Anuradhapura,1.2600763447623313,Hybrid_A,Clay,Tank,673.751637514343,77.62035163550098,2601.1656976285976,Low,3167.1331978756994
Anuradhapura,0.3,Hybrid_A,Clay,Rainfed,1418.3502788062438,65.8518509740258,2884.1267250567853,None,4300.0
Anuradhapura,0.6164793521023797,Hybrid_A,Loam,Rainfed,809.0592495164146,82.07544437698202,2712.918566707447,Low,3425.4475069803466
Anuradhapura,0.46879267131912083,Hybrid_A,Loam,Rainfed,1210.5499331484439,71.52541755773765,3182.2682635383717,Low,4300.0
Anuradhapura,1.551240289281803,Hybrid_A,Sandy,Rainfed,1049.9652275633255,66.67562901248255,2506.582292165995,Medium,3507.799406858657
Anuradhapura,1.3202903420890388,OPV_Local,Loam,Rainfed,905.8743533227034,77.19075293774056,2915.471794106774,Medium,3439.8244625554416
Anuradhapura,2.767555445777934,Hybrid_A,Loam,Tank,1400.5693966748177,77.74287198103322,3285.8369949965995,Low,4300.0
Anuradhapura,1.6955974520449955,Hybrid_A,Clay,Canal,1071.6236008280569,85.09202332399836,2299.3520889424663,Low,3678.591136098782
Anuradhapura,3.7127879135636688,Hybrid_A,Sandy,Tank,810.2890912149128,70.14722047480345,2664.166992785982,Low,3353.7113722394624
Anuradhapura,1.6833998671297308,Hybrid_A,Loam,Tank,1158.4169165380906,12.49747878281871,2935.524224380384,Medium,3597.859803546941
Anuradhapura,0.3,Hybrid_B,Loam,Canal,896.6883475356028,76.26380342368321,3154.478904912632,Low,3691.876179269007
Anuradhapura,1.0943575400244563,Hybrid_B,Loam,Tank,933.2560257416558,55.861521965938614,3548.240498830409,Low,3932.802754881316
Anuradhapura,2.0953279490672925,Hybrid_A,Sandy,Rainfed,804.0032187832215,57.82475764765021,2237.5544545761177,None,2913.04712704867
Anuradhapura,2.427452551706961,Hybrid_B,Sandy,Rainfed,1262.878537629492,111.33986165143006,2337.7693377306146,Low,4243.09927371648
Anuradhapura,1.2185897589637866,Hybrid_A,Loam,Tank,599.6741020032166,66.92441130638905,3297.6214163408886,Medium,3203.147260525531
Anuradhapura,1.6162678789492866,Hybrid_A,Loam,Canal,900.2418167208134,83.27031360729107,2194.75747281162,None,3500.0434879431837
Anuradhapura,0.5655486627243556,Hybrid_B,Loam,Tank,885.2430960812464,24.375764218249174,2508.8359434217664,Low,3323.648115730265
Anuradhapura,3.118955216426932,OPV_Local,Clay,Canal,967.0572407446781,84.07130521118945,3606.702920577326,Low,3892.696975869925
Anuradhapura,2.7975663072509795,Hybrid_B,Loam,Rainfed,1027.6741185893388,64.05232013579815,2991.1937488005256,Low,3626.8672076009543
Anuradhapura,1.4533393208996401,Hybrid_A,Sandy,Tank,1031.053617628967,73.99906036754815,2706.272341816055,Low,3731.743371592806
Anuradhapura,2.32844972566311,Hybrid_B,Sandy,Canal,1050.5792269248375,111.53434518487592,2898.0204291841046,Low,3980.9605573148374
Anuradhapura,2.1013426856611592,Hybrid_A,Clay,Tank,865.9469010029089,74.56526409855712,2859.7247223892196,Low,3505.530885544202
Anuradhapura,1.8825788366979754,Hybrid_A,Loam,Rainfed,874.1697339241288,89.2074534593062,3075.773467526823,None,3818.604858113505
Anuradhapura,1.7776793641287183,Hybrid_B,Loam,Tank,1287.9261386689375,50.52625644041932,1987.1815609702098,Medium,3775.3012623122877
Anuradhapura,1.7634746844116702,Hybrid_B,Clay,Tank,1431.5990104903665,64.84547812508502,2528.502714169789,Medium,4300.0
Anuradhapura,1.6397445298613782,Hybrid_B,Loam,Canal,1255.3655396366253,37.25529917728093,2075.489665031195,Medium,3715.3155388719792
Anuradhapura,2.6629330844619643,OPV_Local,Loam,Tank,1039.156582846442,95.85651020638906,1778.0539660130532,Low,3650.5179137112405
Anuradhapura,2.0897608473682734,OPV_Local,Sandy,Rainfed,1250.4475239576232,54.69225557774526,2113.4541194604276,Low,3603.99323240507
Anuradhapura,1.2695002329493983,Hybrid_B,Clay,Tube well,932.8086243232377,33.40916737012607,2424.717325558998,Medium,3009.8113013120424
Anuradhapura,1.5716836413745339,OPV_Local,Loam,Rainfed,1300.1800701010077,46.87835987645079,2261.941634497951,Low,3885.695821269286
Anuradhapura,2.3947212650295997,Hybrid_B,Sandy,Rainfed,682.5070207373163,73.545682726439,2941.2712983709052,Medium,3001.750254495346
Anuradhapura,1.8763232654045325,Hybrid_B,Loam,Rainfed,1210.0186597916688,72.16053520493925,2793.0745438718263,Low,4138.572825267018
Anuradhapura,2.615518732815559,Hybrid_A,Loam,Tube well,1308.9445212001167,95.17110634152814,2914.641519576887,Low,4300.0
Anuradhapura,1.891588311650362,Hybrid_A,Sandy,Tank,983.4251902124205,68.37086739429652,2799.2955211797625,None,3892.1077661093623
Anuradhapura,2.673808686710558,Hybrid_A,Loam,Canal,681.4222279850828,59.822155914956404,3011.1737813449063,Low,3428.3534344016657
Anuradhapura,2.4017986202483392,Hybrid_A,Clay,Canal,848.7169990579197,71.15244843267008,3068.1069861012033,Medium,3391.040488874088
Anuradhapura,2.3621402543076924,OPV_Local,Loam,Tank,1322.74148496319,77.66268082886563,3572.1929758350143,None,4300.0
Anuradhapura,2.2843451283273026,Hybrid_B,Sandy,Rainfed,1185.1473706988493,80.57914560228214,2636.4069376537313,Medium,3893.811045022757
Anuradhapura,2.8119680266091183,Hybrid_A,Sandy,Tank,1060.5618156000455,85.76004241823385,2600.7429579349655,Low,3687.1908697847375
Anuradhapura,0.3,Hybrid_B,Loam,Tank,867.8352860105771,88.19768924913276,3031.7070888835697,Low,3806.3831108928084
Anuradhapura,2.239176727316896,Hybrid_B,Clay,Tube well,1598.1014125241934,59.13447171765307,2428.43840950952,Low,4300.0
Anuradhapura,0.45770641344765695,Hybrid_A,Clay,Tank,958.3990353530422,80.03304178966322,3151.659439134591,None,3830.873208951859
Anuradhapura,1.87446966177386,Hybrid_A,Loam,Canal,1175.492940435179,96.66699421684851,2789.7925339555973,Low,4300.0
Anuradhapura,1.912356335358839,Hybrid_A,Loam,Rainfed,704.3597848324291,73.83108550275554,3054.2780751179353,Low,3287.9131137027657
Anuradhapura,2.6232978800364473,OPV_Local,Clay,Rainfed,1235.3526530205895,87.75582365290569,2919.7733592194995,Low,4130.869678257333
Anuradhapura,1.48330310190731,Hybrid_A,Sandy,Canal,1267.9387060137583,94.00202350391676,2601.136884949291,Low,4300.0
Anuradhapura,1.345970842518092,Hybrid_B,Loam,Rainfed,1214.0991710521764,110.53081097236053,2458.8102983791086,Medium,4184.843085029301
Anuradhapura,1.102077846031029,Hybrid_A,Clay,Rainfed,1127.0071494039303,96.07448315676159,2562.755139896473,Medium,3875.2755367381196
Anuradhapura,1.6296756504144416,Hybrid_A,Sandy,Rainfed,1132.7306111240807,105.3689145664338,2521.4060811106633,Low,3959.193567366567
Anuradhapura,4.5134011068455795,Hybrid_B,Loam,Canal,892.8290852151874,67.33320288413407,2892.855579580833,Low,3484.728770540162
Anuradhapura,2.3784023807527213,OPV_Local,Sandy,Rainfed,1293.2583188535937,66.79705162082048,2908.241997172565,Medium,4114.056256428486
Anuradhapura,0.8092942509187939,Hybrid_A,Clay,Tube well,864.5361981337353,11.38421298116512,3400.527353560912,Low,3269.7928859591366
Anuradhapura,3.7244639709397056,Hybrid_B,Sandy,Canal,835.2482623546798,93.57838940029056,2442.0129733910317,Low,3433.0551021378797
Anuradhapura,3.620805243503624,OPV_Local,Clay,Rainfed,953.0659555704876,70.17739062968583,2803.86472237957,Low,3308.436355742888
Anuradhapura,3.7085157901427017,Hybrid_A,Sandy,Rainfed,1311.8978049056461,55.61747859124581,2897.675813278172,Low,4225.017752747831
Anuradhapura,0.5623578605250883,Hybrid_B,Clay,Tank,1062.8463294563494,77.70977496611741,2640.3960995096745,Low,3863.430210146273
Anuradhapura,1.5395808625246066,Hybrid_A,Loam,Tube well,937.690103216509,45.781176119801586,3139.3750467900672,None,3929.08255300389
Anuradhapura,1.7818952445702843,Hybrid_B,Loam,Tank,918.2685472362766,75.79534950429431,2181.186588958939,None,3701.2817631846947
Anuradhapura,3.053304891066981,Hybrid_A,Loam,Rainfed,919.5746560916424,27.183701399688076,2432.8396937693083,Medium,2850.808913879283
Anuradhapura,2.279909853923407,OPV_Local,Loam,Rainfed,1131.1865952896624,72.19349204570723,2883.0166054633974,Low,3940.158236156592
Anuradhapura,0.45667255541783747,Hybrid_A,Loam,Tube well,1253.0763043704906,91.92830751775065,2400.9419104404114,Medium,4300.0
Anuradhapura,2.663449516485415,Hybrid_B,Loam,Tank,1420.3115557623764,89.9223162813228,3165.7199058390484,Low,4300.0
Anuradhapura,3.6363822320666657,Hybrid_A,Sandy,Tank,1102.7479643144945,94.40721403839925,2063.987235010755,None,3813.246081948136
Anuradhapura,0.42181358183430473,Hybrid_A,Loam,Rainfed,1062.871461383554,62.80346245198633,3157.736549604827,High,3819.587949348873
Anuradhapura,4.051665343257998,Hybrid_A,Sandy,Tank,1252.451833667391,106.5621342123148,3152.555320991146,High,4300.0
Anuradhapura,2.4179955588748134,Hybrid_A,Clay,Tube well,1295.1295736440977,62.30662760210749,2830.782372387197,Low,4300.0
Anuradhapura,2.4660515720494933,OPV_Local,Sandy,Tank,988.034470954952,71.93821833045666,2504.259763875216,High,3308.784185643541
Anuradhapura,2.0220516283320666,Hybrid_A,Sandy,Rainfed,1461.2474846169193,63.46814322524555,2664.5632152230532,Medium,4193.378386278057
Anuradhapura,3.5347290757592056,Hybrid_A,Clay,Rainfed,1405.5958594073475,38.72429677658765,3489.6421221161118,None,4300.0
Anuradhapura,0.8782490261823315,OPV_Local,Loam,Tank,542.6973299804811,82.12392131200778,2386.1126435643587,Low,2802.0904380089924
Anuradhapura,3.1323799055611214,Hybrid_A,Sandy,Tank,1223.219383149864,83.5123734740632,2795.9914719038898,None,4300.0
Anuradhapura,3.1228219943707867,Hybrid_A,Sandy,Tank,949.8753911962556,39.995010707322955,2798.1754652358527,Medium,3396.4843518630655
Anuradhapura,1.926741089758435,Hybrid_B,Loam,Rainfed,1062.5113752044736,83.07598538892128,2783.6081757884463,None,4007.0329239267603
Anuradhapura,1.9224746365808074,OPV_Local,Sandy,Tank,650.2517925707268,90.42248146474236,2605.6989388560423,Medium,2846.144784621529
Anuradhapura,3.151300979547573,Hybrid_A,Clay,Rainfed,836.9987902267582,112.34126236962138,2251.2577814952215,None,3267.554513360583
Anuradhapura,1.7346769833741171,Hybrid_A,Clay,Tank,1128.1647567458454,70.65313600902802,2681.2538293618964,Medium,3975.443885436103
Anuradhapura,0.8104904195724527,Hybrid_A,Sandy,Rainfed,1235.17933789989,63.65765343978505,2890.3905398359175,Low,4218.563220137399
Anuradhapura,1.5529445262534967,Hybrid_A,Clay,Rainfed,1140.62966729028,96.40910597477736,2544.104402832014,Medium,4019.836132261109
Anuradhapura,0.6253086626833104,Hybrid_A,Sandy,Tank,1430.5252208214936,64.87380992987889,2781.7956955369464,High,4259.271391976428
Anuradhapura,1.0684480742556879,Hybrid_A,Clay,Tank,1226.4025410619333,51.43672266937381,3336.059890243948,Low,4300.0
Anuradhapura,1.9526806683998141,Hybrid_A,Loam,Tank,997.2199628761246,106.85285867318497,2804.158461098452,Low,4078.1202734025537
Anuradhapura,1.873517515073025,Hybrid_A,Clay,Tank,1271.031765371708,103.30013915513635,3056.38589765131,None,4300.0
Anuradhapura,0.3,Hybrid_A,Sandy,Canal,1332.669504242912,75.47942881080073,2688.439895673426,None,4300.0
Anuradhapura,2.983889356919268,Hybrid_B,Clay,Tank,614.2677028615572,38.47460538287606,2306.8653546942846,Medium,2385.550689808172
Anuradhapura,2.174933805704223,Hybrid_A,Clay,Tank,841.0030037603627,73.46056284951213,2235.454636301484,None,3247.7841065487733
Anuradhapura,1.942448518936679,Hybrid_A,Loam,Tank,1011.9969047969098,51.56678280699127,2872.4071000729164,None,4055.220135706752
Anuradhapura,1.756112463480664,Hybrid_B,Clay,Canal,1165.0890502429386,50.614656001392035,3416.718108854954,Low,4261.935990808133
Anuradhapura,1.5724075358301324,Hybrid_A,Sandy,Tank,786.5759690378367,82.98704553685775,3139.5842232075624,Low,3554.074104599091
Anuradhapura,2.808210036920563,OPV_Local,Sandy,Tank,956.2234081060504,62.43655277444288,2685.5495481109356,Low,3510.428724320838
Anuradhapura,1.3458242137654364,Hybrid_B,Loam,Rainfed,1165.149389774833,45.42288125349852,2929.8826107039235,None,4061.413417544692
Anuradhapura,2.124480189842008,Hybrid_A,Sandy,Rainfed,436.34591694486375,81.81054625523603,2789.6313937736595,Medium,2753.489033532256
Anuradhapura,1.4922146890510912,Hybrid_B,Clay,Tank,1253.1556699066589,68.6465064608701,2432.5855421733836,Low,4059.243328675394
Anuradhapura,0.36884113876084945,Hybrid_A,Clay,Rainfed,890.7192609636436,80.92191465731241,3441.4010181868584,Low,3887.312966759676
Anuradhapura,1.594491699795578,Hybrid_B,Loam,Canal,859.972003564668,105.64349106904757,3235.1809639519256,Medium,3912.7771732821557
Anuradhapura,2.715834378768042,Hybrid_B,Sandy,Rainfed,1044.7994469881935,75.04917374430904,2771.0332010980005,Low,3601.7649298439346
Anuradhapura,1.6809300835599719,Hybrid_A,Sandy,Rainfed,1279.3412148172383,66.09542236696888,1969.0701516398663,None,3850.647564668225
Anuradhapura,2.9151410672870277,OPV_Local,Loam,Tank,1008.3046997353905,62.555700797706685,2605.3625437393475,None,3647.741161941792
Anuradhapura,1.2512559417851405,Hybrid_A,Sandy,Canal,732.4986790527303,76.52455002976814,2567.5080280835114,Low,3076.3764419719887
Anuradhapura,3.2137973200571546,Hybrid_B,Clay,Rainfed,1133.9259991157442,71.89001271157886,2838.3008876169806,Low,3814.787149575277
Anuradhapura,0.3,Hybrid_B,Sandy,Tube well,1253.9931191994388,83.18577559766541,2682.8160089515777,Medium,4069.294519524656
Anuradhapura,1.4108814784742894,OPV_Local,Clay,Tube well,1101.4671334068748,63.744593667610324,2401.854617976016,Medium,3522.288176661997
Anuradhapura,1.611745652939588,Hybrid_A,Clay,Rainfed,1533.923977551569,53.69259493042524,3257.166321231552,Medium,4300.0
Anuradhapura,3.090200502706109,Hybrid_A,Loam,Tank,801.3905844139672,72.27563884477834,3677.6719368603726,None,3827.860038660001
Anuradhapura,2.8923962368147107,Hybrid_A,Sandy,Tank,696.328156854547,36.02151971588349,1936.2901688766292,None,2568.4356221754615
Anuradhapura,1.965091168974773,Hybrid_A,Clay,Tube well,668.9848282708352,74.65371631663835,2824.171633015251,Medium,3149.9691484314344
Anuradhapura,1.2826195172397619,OPV_Local,Loam,Rainfed,927.1629025203819,45.25160381789029,2315.390958363335,High,3057.4491459446795
Anuradhapura,2.0495957802178095,OPV_Local,Clay,Tank,706.1904316351502,75.74164470035355,2955.185560600884,Low,3283.118539563213
Anuradhapura,2.8401503039194664,OPV_Local,Clay,Canal,1256.4505630666729,53.00305009744625,3136.166291076287,Low,4161.6825544336125
Anuradhapura,2.704033854895719,Hybrid_A,Loam,Rainfed,1063.12106439256,99.00937221991698,2350.4843777375127,Low,3912.5322076302173
Anuradhapura,1.4744367284725235,Hybrid_B,Loam,Tank,832.7426501044985,72.98890732979645,2797.947871213766,None,3562.760935991522
Anuradhapura,0.8866792995271646,Hybrid_A,Sandy,Rainfed,869.8378850741511,71.20206771619084,2487.098411244103,Medium,3075.217278802322
Anuradhapura,1.5914273257827998,Hybrid_A,Sandy,Tank,547.9209101976107,90.24554580979115,3192.6917154277057,None,3288.6748027787667
Anuradhapura,2.297361356955545,Hybrid_B,Sandy,Canal,1010.0855092504473,74.75777715460875,3246.4876549151145,Low,3876.3598198410227
Anuradhapura,1.7332357109252614,Hybrid_B,Sandy,Tank,1148.3019273625255,38.506928699239374,3245.0674188415182,Low,3996.5045997290244
Anuradhapura,1.3486627472899055,Hybrid_B,Sandy,Canal,1528.4122671189423,67.67845134703902,2707.4263133224035,Medium,4300.0
Anuradhapura,2.075515657235464,Hybrid_A,Loam,Canal,1569.5513258611722,37.728956800289076,2379.0362937751315,Medium,4300.0
Anuradhapura,0.3,Hybrid_A,Clay,Canal,649.0694682915555,71.96805724263072,2371.24228275977,Low,2858.354888204865
Anuradhapura,2.0056142550317966,Hybrid_B,Loam,Tank,838.2997383065816,72.97182778761939,2386.6492094104033,Low,3279.8165096108346
Anuradhapura,0.7877799551185778,OPV_Local,Clay,Tank,1094.4719925669451,88.42202535360926,2737.4930573156203,High,3591.8216115793657
Anuradhapura,0.5837909311142997,Hybrid_A,Loam,Rainfed,968.298659309492,90.66867895924644,2679.494887086006,Low,3721.5115787248114
Anuradhapura,0.9820562300854893,Hybrid_A,Loam,Tank,909.9229568921429,100.3434873755726,2578.2925637403537,Low,3760.4586618945987
Anuradhapura,1.8711628217024439,Hybrid_A,Loam,Canal,991.4394532665289,54.27390163190477,2790.242477581104,Low,3664.3499781987657
Anuradhapura,2.586818476821713,Hybrid_B,Loam,Tank,1351.2989830558658,71.03425604809672,2216.6188339928544,Medium,4166.617204745021
Anuradhapura,1.8949359553401814,Hybrid_B,Sandy,Tank,1297.2757112411148,68.13724025500738,2173.3572084334965,Medium,3837.563621412218
Anuradhapura,1.592341609025075,Hybrid_A,Loam,Tube well,774.9268941034528,50.76482563966573,2980.4293113216795,Low,3148.4952846603546
Anuradhapura,1.6787084175307947,Hybrid_B,Sandy,Tank,705.1732956203598,42.25240013196987,2592.6872048258288,Medium,2604.285535646567
Anuradhapura,1.6116120286706093,Hybrid_B,Clay,Canal,1178.2080105599264,66.16276631767944,2574.2025356273293,None,4072.00600174178
Anuradhapura,3.1046350889420626,Hybrid_A,Loam,Tank,939.8954044261545,97.3936180647568,3434.3101855092464,Medium,4018.6603734820683
Anuradhapura,2.1909550133531885,OPV_Local,Loam,Rainfed,1033.151461085734,68.65653289183416,3041.709239746638,Medium,3723.845246517992
Anuradhapura,0.8479462066793253,Hybrid_B,Loam,Tank,1122.8811930926852,48.848222232563664,2980.4430262901606,Medium,3827.0639004151444
Anuradhapura,1.6120741306667041,Hybrid_B,Sandy,Rainfed,1116.5834476493537,74.7306957186977,3343.851255548522,High,3879.605094991715
Anuradhapura,1.2253297982625253,Hybrid_A,Loam,Tank,1053.6847131304617,55.1173429352679,2330.5124055276524,Low,3692.7541584264004
Anuradhapura,1.6749458037119451,Hybrid_B,Sandy,Tank,1113.05629483035,113.86511999119196,2492.182081608467,Medium,3952.4625613141757
Anuradhapura,1.100352634455604,Hybrid_A,Loam,Tube well,1226.4618265816098,71.25518441015801,2785.748666062293,None,4300.0
Anuradhapura,3.365740800727708,Hybrid_B,Loam,Tank,1539.7805692223478,44.037196284005375,2329.839277995975,None,4300.0
Anuradhapura,2.2164659540950935,Hybrid_B,Loam,Tube well,1155.7488063475787,64.34505342627216,3404.4519826998785,Medium,4156.776606220157
Anuradhapura,1.8554125533627843,Hybrid_A,Loam,Rainfed,610.0318566725141,70.72231313308379,3610.9026019190387,Low,3339.8170257282754
Anuradhapura,2.4067698390028345,Hybrid_A,Sandy,Rainfed,1130.9526207496601,54.005456294212884,2684.7799791673187,Low,3857.6837001705408
Anuradhapura,4.071832624882913,Hybrid_B,Sandy,Tank,701.0138683216405,60.95382170766533,2504.9028365185404,Low,3174.4588837743136
Anuradhapura,2.0131542583974285,Hybrid_A,Loam,Tube well,1431.8779745051422,86.56169709046742,2716.139391898404,Low,4300.0
Anuradhapura,0.6855371476483891,Hybrid_A,Sandy,Rainfed,1105.6286083596526,73.40953061156719,3299.763580583477,Low,4009.302134927257
Anuradhapura,2.0609656863443164,Hybrid_A,Sandy,Tank,1118.8458189675637,119.37176092640368,3458.1679051566402,None,4300.0
Anuradhapura,1.8032151269408252,OPV_Local,Sandy,Tube well,1320.095766842207,43.325087309241034,3827.18930804107,None,4300.0
Anuradhapura,2.672529385658118,Hybrid_A,Loam,Rainfed,1075.758006217361,56.87412353149404,3192.638646935971,None,4033.271253167893
Anuradhapura,2.9463790385447397,Hybrid_A,Loam,Tank,894.4128942086724,96.86340278865546,2404.524267124313,Medium,3684.2661450929936
Anuradhapura,0.9155206688881624,Hybrid_A,Sandy,Tank,1109.899656423018,82.41555782107389,3143.0135540970205,Low,3984.301716075716
Anuradhapura,1.560424165602051,Hybrid_A,Clay,Rainfed,1010.1012038422824,91.13985345048681,3070.1316209571505,Low,4063.2354084831195
Anuradhapura,3.189051515696274,OPV_Local,Clay,Rainfed,936.064379002111,83.24018157050416,2767.364169317968,None,3489.677999114817
Anuradhapura,0.46782470259825026,OPV_Local,Loam,Rainfed,679.0651263609834,10.0,3318.71940370644,High,2716.3815911386437
Anuradhapura,1.9258183092888408,Hybrid_A,Loam,Rainfed,963.3070208251645,87.8166133446274,2757.659651553042,None,3789.980894533117
Anuradhapura,2.7079877165596917,Hybrid_A,Clay,Rainfed,1006.388444248001,82.8163415065981,2002.1572481960734,None,3494.3073504575905
Anuradhapura,1.1867574474295233,Hybrid_A,Clay,Tank,1166.1361904727855,36.84601694343163,3416.5118603981077,Low,4178.864249191189
Anuradhapura,1.920799689371121,Hybrid_A,Loam,Rainfed,1351.9573771022133,44.718001972018804,3239.512031894427,Medium,4300.0
Anuradhapura,1.2686717706647759,Hybrid_A,Sandy,Tube well,1587.198730326089,109.60344895271558,2534.503014451414,Low,4300.0
Anuradhapura,2.1413381259277076,OPV_Local,Loam,Tank,559.4469053058699,55.397595948432105,2629.9394411896656,Low,2661.6248784406134
Anuradhapura,2.1249563315344235,Hybrid_A,Sandy,Tube well,1276.0045807488464,88.06139168610814,2982.4054496958597,None,4300.0
Anuradhapura,2.1529443470183613,Hybrid_A,Sandy,Rainfed,816.5488506900447,90.36315716368999,2814.7104354924268,Low,3547.623129853883
Anuradhapura,2.2294779916502954,Hybrid_A,Sandy,Tank,458.5189231009025,80.89298036468804,2135.7666138673844,Low,2520.560082067614
Anuradhapura,1.3963293009830506,Hybrid_B,Sandy,Tank,871.2619613106287,56.80496387800672,2667.018644380204,Medium,3205.8823265250035
Anuradhapura,2.3173350349019786,Hybrid_B,Sandy,Tube well,1138.9815039500752,58.97262101573744,2805.736538801474,Low,3798.3533391066317
Anuradhapura,2.3347956059904407,Hybrid_B,Sandy,Tank,1137.637992736525,64.04194635519444,2784.55657102812,Low,3800.462263374702
Anuradhapura,1.8412061970019449,Hybrid_A,Sandy,Tank,1160.3014816986863,82.701493164981,2523.5471888349653,Low,4052.048360787395
Anuradhapura,3.1284906712702076,Hybrid_B,Sandy,Tank,1000.1099207332888,81.50952073484757,2389.0514052487138,None,3659.8040733617213
Anuradhapura,1.7919364548361567,Hybrid_A,Loam,Canal,1223.7782784899841,59.180784231020795,2933.632608425954,Low,4278.8549160482835
Anuradhapura,3.019293779442033,OPV_Local,Loam,Tube well,1123.4313535262806,46.42855832941312,2669.072555163314,Medium,3791.502673094862
Anuradhapura,1.4248972973727108,Hybrid_B,Clay,Rainfed,1004.4785397425778,54.720849289645145,2801.972764888385,High,3440.6394987498297
Anuradhapura,0.6626667202075527,Hybrid_B,Loam,Canal,869.7334671010284,78.39171355701883,3341.269716448057,High,3654.2892446856085
Anuradhapura,1.760697528401505,Hybrid_A,Sandy,Rainfed,1067.4188597527118,64.74809302416615,3086.8726440580335,Low,3734.378244025913
Anuradhapura,1.8941635170436224,Hybrid_A,Sandy,Tube well,1168.2631484127915,48.15404804153012,3316.9157604328752,Low,4093.2189799550833
Anuradhapura,1.3456757960718053,Hybrid_A,Loam,Rainfed,1690.573892149062,58.45985564172671,2658.4751608150896,None,4300.0
Anuradhapura,1.3363515461600564,Hybrid_B,Clay,Tube well,1375.3035785296668,83.45722504495431,2199.5775917574883,Low,4300.0
Anuradhapura,2.793985931259229,Hybrid_B,Sandy,Tube well,1006.6194260889101,59.49754416207497,2344.2249234711926,High,3368.2937354453675
Anuradhapura,2.1279266706502185,OPV_Local,Loam,Tank,1032.5919881288123,104.55776712304785,3443.5931808773275,Low,4300.0
Anuradhapura,1.6293682812988126,OPV_Local,Clay,Tube well,1292.393756309155,47.075022930651734,2615.3747730981304,Low,3971.3798084432838
Anuradhapura,3.1845925449237873,Hybrid_A,Clay,Tank,1161.8220350619974,66.52061542380895,4182.099047229788,Low,4300.0
Anuradhapura,1.3223289655620536,Hybrid_A,Sandy,Rainfed,953.3030490750198,19.6769133247317,2640.4828068640677,Low,3134.3212149219553
Anuradhapura,3.35574933844421,OPV_Local,Clay,Tank,1237.6117637028278,72.71804931102281,3640.74612217512,Low,4300.0
Anuradhapura,1.4110114331596768,Hybrid_A,Loam,Tube well,822.7140639273391,56.000920392267204,3457.701619599631,Low,3659.320427419929
Anuradhapura,2.2520389615265803,Hybrid_A,Loam,Tank,965.8044054909531,10.0,2639.449712697027,Low,3357.1576527948314
Anuradhapura,2.870585572797231,Hybrid_A,Loam,Tank,1040.9655400918127,74.94971533446241,2381.878309451825,Low,3806.364632419483
Anuradhapura,3.1766409070694195,Hybrid_A,Loam,Canal,633.405024953056,85.66096674996992,3664.3096806202743,Low,3805.152780465688
Anuradhapura,1.8402508264451347,Hybrid_A,Clay,Tank,1001.4669181149692,105.04521011260238,3435.38841146218,Low,4300.0
Anuradhapura,2.638189826312816,Hybrid_B,Sandy,Rainfed,957.6654258994083,82.67533965712006,2440.2883801005173,None,3565.7066866979308
Anuradhapura,4.156327445111347,Hybrid_B,Loam,Rainfed,1140.6965450927821,59.675758510438314,2238.952933027459,Low,3630.170250192259
Anuradhapura,2.6586747572248624,OPV_Local,Clay,Tank,827.6241865630394,79.04438402658776,2405.974095746036,None,3428.286251835275
Anuradhapura,2.550191876058946,Hybrid_B,Clay,Canal,1007.2226193451579,74.9257711230608,2607.940540351924,Low,3550.6980913372745
Anuradhapura,2.891030977848484,Hybrid_A,Loam,Tube well,779.6934169759866,118.01922952945267,2858.539213917257,Low,3810.7295438228175
Anuradhapura,1.5198732923222713,Hybrid_B,Loam,Rainfed,1364.023501271569,78.84846740804979,3282.89279740258,Low,4300.0
Anuradhapura,3.018639095665998,Hybrid_A,Loam,Rainfed,1166.6134952471955,73.32415742192721,2712.014541004104,Medium,3870.6378291077026
Anuradhapura,1.0884685415989384,Hybrid_B,Loam,Tank,1187.918351133946,76.17600027599862,2986.359968441937,High,4127.928796329286
Anuradhapura,1.7994904386623591,Hybrid_A,Loam,Rainfed,1036.6157146261269,57.75364066477145,2716.545555041613,Medium,3588.0976151999553
Anuradhapura,2.580965834615805,Hybrid_A,Clay,Rainfed,1377.7564094017887,24.343644533711036,2184.310632616319,High,3593.6768278373634
Anuradhapura,1.3600073454760508,OPV_Local,Loam,Canal,1177.7794460902583,104.71225998876767,2524.0289308629244,Low,4092.302940803396
Anuradhapura,1.6324760489030221,Hybrid_A,Loam,Tank,886.5769001304834,70.90951683076133,2187.1198437062144,Low,3515.7697032563146
Anuradhapura,1.0990695842851705,Hybrid_B,Sandy,Tank,855.9033153099513,64.42393165570836,1670.160357537671,High,2684.3427232306713
Anuradhapura,2.215412977480534,Hybrid_A,Loam,Tank,1032.9453189944315,96.5291903739306,3033.6416903037166,Medium,4062.0979197220245
Anuradhapura,2.902597269413171,Hybrid_B,Sandy,Tank,1448.4660170119664,83.23476099884795,2448.025992943629,None,4300.0
Anuradhapura,1.5082068726943436,Hybrid_A,Sandy,Canal,863.8462547052139,47.65066580622047,2236.8121273908914,High,2912.634506940244
Anuradhapura,3.226031549568129,Hybrid_A,Clay,Canal,535.8196144023715,53.71287866547314,2289.1106110162914,Medium,2586.2296033793973
Anuradhapura,2.2575765794955185,Hybrid_A,Clay,Canal,1073.1683574722665,70.77486426542782,2601.1862259072655,High,3696.8173106212375
Anuradhapura,1.545958195245624,Hybrid_A,Sandy,Tank,966.317804017836,74.56727373081377,2949.224194428468,Low,3954.7333464689495
Anuradhapura,3.3975744343658025,OPV_Local,Loam,Rainfed,1216.0818950575735,142.45354953706533,2567.2631284303357,High,4189.525264898319
Anuradhapura,1.8123811418540237,Hybrid_A,Loam,Tube well,1034.568581672755,57.71042109465003,2775.0069741873535,None,3864.2296966494905
Anuradhapura,2.5472916626911566,Hybrid_A,Sandy,Rainfed,1019.011199398038,78.51355695884575,2569.7008166716987,Medium,3525.541418174616
Anuradhapura,2.400342375187803,Hybrid_B,Clay,Tank,557.1376779828067,51.33614761620889,2366.6809476102135,Low,2596.9335177718876
Anuradhapura,0.7546566934910608,OPV_Local,Sandy,Tube well,908.8475880800729,45.78302417273859,2645.217334740705,Low,3123.515539266718
Anuradhapura,2.8558538037958616,Hybrid_B,Clay,Rainfed,1124.6441347233151,103.81978103466989,2769.7683465160435,None,3920.047027994919
Anuradhapura,1.2855394078416575,Hybrid_B,Sandy,Canal,997.2348969285537,50.33436410235545,1866.832357019403,None,3166.3067058284273
Anuradhapura,1.2242460849807602,Hybrid_B,Sandy,Tank,1030.928860901029,85.15168038020494,3076.089843801416,Low,3855.5073251971085
Anuradhapura,0.774637483463626,Hybrid_B,Sandy,Tank,1090.8778710458043,76.57308699530924,2399.6909440062645,High,3548.6274543905292
Anuradhapura,2.3320149627208586,Hybrid_A,Sandy,Tube well,1109.638954991144,63.19579701939349,2532.152342135684,None,3980.7899278287905
Anuradhapura,1.3304383438619398,Hybrid_A,Loam,Tank,1223.9231190976484,140.90442573468215,3416.2231415368215,Medium,4300.0
Anuradhapura,0.3,Hybrid_A,Loam,Rainfed,1187.237277441492,51.68728341666823,2451.95860548441,Medium,3868.4743719869102
Anuradhapura,1.798589616823563,OPV_Local,Sandy,Tank,884.5637694751547,92.03790058762058,3469.0941060673604,High,3772.4988434883735
Anuradhapura,2.3520594463313182,Hybrid_B,Loam,Tank,692.6265976663262,87.01164020689988,3027.018968879688,Medium,3226.44718689503
Anuradhapura,0.3,Hybrid_B,Clay,Rainfed,952.4837880444774,43.09273315438941,2106.7140706816085,Low,2963.8701662887943
Anuradhapura,2.858200423196784,Hybrid_B,Clay,Tank,1050.931371243991,56.86885069818282,2001.0831495445595,Low,3259.6512423253535
Anuradhapura,0.3,Hybrid_A,Clay,Tank,1482.547297407733,87.91133876660186,3022.4680254808623,Low,4300.0
Anuradhapura,2.2495059303609013,Hybrid_A,Loam,Tank,809.7202896553629,53.0783700653681,3529.131017382673,Medium,3742.3933755713992
Anuradhapura,1.1286431988067787,OPV_Local,Loam,Tank,1050.4747607774307,71.54944975831216,2692.8755937019073,Medium,3833.4094214730167
Anuradhapura,3.84060067392031,OPV_Local,Clay,Tube well,984.657013983968,102.72764605380834,3252.4464841036774,High,3843.4579643822267
Anuradhapura,1.452206447417794,OPV_Local,Sandy,Rainfed,1291.2148809042963,55.995429937547605,2668.1191581255625,Medium,3907.6171172345157
Anuradhapura,2.796969989123994,OPV_Local,Loam,Rainfed,1537.6186096491328,91.13212807125105,2802.7701857383813,Medium,4300.0
Anuradhapura,2.3115709705126246,Hybrid_A,Loam,Tube well,1138.5478730517843,79.38133264526239,2917.670888625756,Low,4238.161362851175
Anuradhapura,3.1166440039363255,Hybrid_B,Sandy,Rainfed,1446.5955182700322,39.517538790048995,2406.248550629898,Medium,4053.017708693412
Anuradhapura,1.2309201589900058,Hybrid_A,Loam,Rainfed,1222.5625383259508,13.910134415793024,2467.5787465201597,Low,3760.775661097144
Anuradhapura,0.3,Hybrid_B,Loam,Canal,1199.5057050608598,96.07221191881769,3034.946657750688,Medium,4300.0
Anuradhapura,1.4637659331860489,Hybrid_B,Clay,Tank,863.4979400286782,61.17221392434686,2687.9063366698424,None,3388.3679892638374
Anuradhapura,2.5012572417433843,Hybrid_A,Loam,Rainfed,1179.0995184395447,58.2420939288363,2529.0991749649675,Low,3841.0332267091217
Anuradhapura,1.2029693342917724,Hybrid_A,Loam,Rainfed,979.3426661694973,72.04183444995165,3939.256104192983,None,4184.741769886459
Anuradhapura,1.6983242267448715,Hybrid_A,Loam,Tube well,841.0820472048704,60.05203554778322,2427.845506562386,Medium,3343.793695590455
Anuradhapura,1.8884341918827776,OPV_Local,Sandy,Tube well,1272.2381537558006,97.13573309306611,3245.781138293032,Low,4300.0
Anuradhapura,2.3816077586333186,OPV_Local,Loam,Rainfed,796.323369384959,57.57520434638573,2943.081079303746,Medium,3177.5347227703064
Anuradhapura,1.093704039471255,Hybrid_A,Loam,Canal,916.0508272912983,61.28048976059113,2330.692893870913,High,3437.1110631116985
Anuradhapura,2.0589421147937776,Hybrid_A,Loam,Rainfed,1144.023278657969,41.48207416101447,3024.4147327080527,Medium,3755.2621606914386
Anuradhapura,2.590728582937872,Hybrid_A,Loam,Canal,1098.1776575721576,42.423530170163914,2598.9206273507853,High,3485.9704756793526
Anuradhapura,1.5004116246667794,Hybrid_B,Loam,Canal,864.3975621368417,84.68267763727238,2182.022031431975,Medium,3247.2872745461477
Anuradhapura,1.2392838849650616,Hybrid_A,Loam,Rainfed,1031.7684891495844,38.11249470058745,3242.337253456012,Low,3862.402298429211
Anuradhapura,2.9023714255513333,OPV_Local,Clay,Tank,755.9023584394367,29.791389163850475,2260.985072940979,Medium,2707.778356567565
Anuradhapura,1.6129885324108093,Hybrid_A,Sandy,Canal,1339.3284275891563,69.66372048855378,3652.612396827494,None,4300.0
Anuradhapura,3.0062511829034873,Hybrid_A,Clay,Tube well,883.6486915287189,81.61400669143862,2653.907474822303,Low,3471.7368299894456
Anuradhapura,1.4234390751037838,Hybrid_B,Clay,Canal,1009.4682303756998,55.815465955869875,2965.1217529300357,Low,3856.719223628081
Anuradhapura,1.028805098809166,Hybrid_A,Loam,Tank,919.3876430515356,62.243104540594075,2834.530546354458,High,3617.9810325931653
Anuradhapura,2.1613388030965663,Hybrid_B,Loam,Rainfed,1163.1989444065744,65.59021038110104,2827.5484833346895,High,3828.2282156190136
Anuradhapura,2.7093163231270823,Hybrid_B,Loam,Rainfed,1194.9408436000358,77.07433073589223,2715.292742282595,Medium,3998.450400867866
Anuradhapura,2.5367889133283863,Hybrid_A,Loam,Tank,1174.2549121969287,46.072737921113855,3258.427741439835,Low,4300.0
Anuradhapura,1.5139240909789993,Hybrid_B,Loam,Tube well,1184.4076008959655,70.4465182529781,3382.1343321358972,Low,4259.714285210581
Anuradhapura,3.9092936817601536,Hybrid_A,Loam,Tank,934.1687422253792,68.45890450496105,2019.4942942456169,Low,3328.9008569538837
Anuradhapura,0.3,Hybrid_A,Loam,Tank,1262.619708834345,39.300132895388415,2522.6774049168885,Low,4216.628092570387
Anuradhapura,0.9868726138876707,Hybrid_A,Loam,Tank,1086.1227291495632,90.49414818988903,3006.553560128931,Medium,4149.0783772581735
Anuradhapura,1.2117449065201855,Hybrid_A,Loam,Rainfed,1054.4638915806977,71.23120854056144,2047.8440854011872,Low,3587.5375720290485
Anuradhapura,1.3950967949771769,Hybrid_A,Loam,Rainfed,897.8537064413131,85.0398408677442,3354.346394817429,None,3926.91607135899
Anuradhapura,3.6085560827812113,Hybrid_A,Clay,Tank,935.1284828694659,109.9686238506523,2286.897735797896,Medium,3636.6400751616984
Anuradhapura,1.5805686640413286,OPV_Local,Clay,Tank,1047.2708049601438,51.15203007172822,2881.5813960265004,None,3821.2594213185016
Anuradhapura,1.8839026264440282,Hybrid_A,Clay,Rainfed,752.9317118006029,99.71504961735826,2460.503565661934,Low,3332.706537518074
Anuradhapura,2.098473309803867,OPV_Local,Loam,Rainfed,1209.2005735996925,42.379703786766825,2091.0350321408923,Low,3540.242860113588
Anuradhapura,1.9961866552317575,OPV_Local,Sandy,Tank,1054.2582234400677,92.3049239858039,3414.657112090781,Low,4052.9953502890658
Anuradhapura,3.2501763687404566,OPV_Local,Sandy,Rainfed,740.975223030745,76.50159369862628,2051.617701543294,Low,2984.0868429834177
Anuradhapura,2.630211304440057,Hybrid_A,Loam,Rainfed,972.6596363430483,70.6543464491449,2922.999230256142,Medium,3638.465157612501
Anuradhapura,1.6965949372552214,Hybrid_B,Sandy,Rainfed,615.7802077213597,48.57116323233802,2559.6691416771614,Low,2653.4878527679048
Anuradhapura,0.5428335004993619,Hybrid_B,Sandy,Tank,1103.566493007722,57.90357620250542,2539.1185860245146,Medium,3584.466504017707
Anuradhapura,0.9013314101956632,Hybrid_A,Loam,Tank,1376.6751815897449,88.19382551429462,3497.2078567451663,High,4300.0
Anuradhapura,1.4239329141673276,Hybrid_A,Clay,Tube well,1083.1640903514626,122.31780277696097,2802.865524326479,None,4300.0
Anuradhapura,3.4349854898033847,Hybrid_A,Clay,Tank,1292.5589501785835,87.03861708054181,3227.0476568305644,Low,4300.0
Anuradhapura,1.1461385562036395,Hybrid_B,Loam,Tank,714.7785391667354,47.629648215421525,2888.262210985924,Low,3238.094197319952
Anuradhapura,1.0428737074209717,Hybrid_A,Loam,Rainfed,1003.1283493712381,92.96309304083861,2126.1170206889674,Low,3859.380670649613
Anuradhapura,0.730087109795706,Hybrid_A,Loam,Tank,728.6470545321331,40.37489086720497,2368.2669751851863,Low,3085.9736267429835
Anuradhapura,2.1188890586727616,Hybrid_A,Sandy,Tube well,715.6688736462181,72.16601415521006,2957.77608502283,Medium,2967.0776886867775
Anuradhapura,0.38511136722452743,Hybrid_B,Loam,Rainfed,834.529325129663,84.47539584176732,3523.888553207008,Medium,3708.590921387637
Anuradhapura,2.042612068991832,Hybrid_A,Loam,Rainfed,704.1857187128586,78.87358928892789,3182.160001056669,Low,3521.217856811484
Anuradhapura,1.4406078528168726,Hybrid_A,Loam,Tank,1375.1248882295292,93.98386575445,4200.0,Medium,4300.0
Anuradhapura,1.466047759996251,Hybrid_B,Clay,Tank,919.8438810205043,120.1491603821141,2443.004144144118,Medium,3671.913639817987
Anuradhapura,2.5200512177077563,Hybrid_A,Sandy,Rainfed,1165.1494486718989,39.2757224446852,3249.9090965849086,None,4039.862129663718
Anuradhapura,1.7222018014094675,Hybrid_B,Clay,Tank,932.000428233102,109.83644522571018,2474.0436240131367,Medium,3688.968297451307
Anuradhapura,2.5729386249343857,Hybrid_B,Loam,Tube well,1243.0442591509054,46.458135140824645,2179.2794282116097,None,3939.5336277770143
Anuradhapura,2.4691465514237962,Hybrid_B,Sandy,Rainfed,828.9252345554305,39.4433085806128,2992.6003988973735,Medium,3112.50955168864
Anuradhapura,2.598583030447881,Hybrid_A,Loam,Tank,943.5324017657912,96.09588018925729,2122.8224370051853,Medium,3629.0054541623667
Anuradhapura,2.4728982458914945,Hybrid_A,Clay,Canal,1025.3623955874418,129.41603682697183,2676.6605820845075,None,4300.0
Anuradhapura,0.3,Hybrid_A,Loam,Rainfed,1142.016505796348,75.94880306424622,2527.406620614796,Medium,3831.9994788171693
Anuradhapura,1.6039418987104057,Hybrid_A,Loam,Canal,934.0087852232258,85.40439683336899,2175.473694606502,Medium,3335.259861666499
Anuradhapura,3.0818450225128426,OPV_Local,Loam,Tank,1005.101209888175,65.43391474072803,3109.1672254237214,Low,4040.590855978384
Anuradhapura,1.3342418115753336,Hybrid_A,Sandy,Canal,1298.1172770129501,84.98997118465672,2335.4492418372593,Low,4071.921687357608
Anuradhapura,2.9228200765420898,Hybrid_A,Loam,Tank,1070.3254909633436,102.60289763643962,2926.6857690464494,None,4190.30348027763
Anuradhapura,2.1610651909475345,Hybrid_A,Loam,Tube well,1179.5729218613299,49.01069447555358,2601.8750692729745,None,3962.038732906247
Anuradhapura,0.3521961504132167,Hybrid_A,Loam,Rainfed,975.983934492785,98.65119529158383,2842.6251571561893,Low,3729.179048290382
Anuradhapura,2.374155160046067,Hybrid_A,Clay,Tank,677.8728185733261,57.62898867324188,2726.4555460635725,Medium,3192.488366171796
Anuradhapura,2.2909990813042316,Hybrid_B,Sandy,Rainfed,1073.379920043659,59.20189401053321,2623.2082095741653,Low,3559.9889234244297
Anuradhapura,2.5728529086745295,Hybrid_B,Loam,Canal,1070.6485659154516,79.37544431221608,2408.2369343769406,None,3827.114617732539
Anuradhapura,1.5500901099983935,Hybrid_B,Sandy,Canal,1149.2163307974035,71.96771693433327,3171.966060423566,Medium,3972.8493136180286
Anuradhapura,1.318739938974757,Hybrid_A,Clay,Canal,860.4874222727649,65.01847450569723,2680.609466035682,Low,3542.917148887747
Anuradhapura,1.2390224769330684,OPV_Local,Loam,Tank,1186.272305055756,99.45255496478418,2777.200452728532,Low,4300.0
Anuradhapura,2.9041531366105633,Hybrid_A,Sandy,Rainfed,1438.3422178883884,73.1149506938923,2638.3637695542725,Low,4300.0
Anuradhapura,0.3,Hybrid_B,Sandy,Tank,931.7509762324426,37.209156953788344,3306.5975069853753,Low,3686.7187329279363
Anuradhapura,2.645185159245939,Hybrid_A,Loam,Tube well,891.4260017609456,85.8905993537291,2725.448599621113,Medium,3860.3068266386435
Anuradhapura,2.548245254975382,Hybrid_A,Clay,Tank,1335.7366515822162,69.35760356674048,2473.4457397838296,Low,4163.723381312875
Anuradhapura,2.834039120638194,Hybrid_A,Loam,Canal,898.6498972131935,67.67510628854151,2485.7805225628563,Medium,3339.0616304346368
Anuradhapura,2.2193455116083234,Hybrid_A,Loam,Canal,1076.9756657485977,34.52813211964178,2758.462322815153,High,3509.0456206608433
Anuradhapura,2.8892703082016458,Hybrid_B,Clay,Tank,1434.1400292918056,49.25208839608613,3059.649111884402,None,4300.0
Anuradhapura,0.6309114673269058,Hybrid_B,Loam,Tube well,1050.7482874295515,50.56358733071987,3288.394018726944,Low,4008.543707985702
Anuradhapura,2.094914466639627,Hybrid_B,Loam,Tank,1070.3218605916732,30.650290517086916,3457.2765702817824,Medium,3857.6650183698835
Anuradhapura,1.0260842848263407,Hybrid_A,Sandy,Rainfed,1292.706440092451,52.24998293913566,2463.200000114125,Low,3906.6142495530444
Anuradhapura,2.2840946024442497,Hybrid_A,Loam,Tank,1237.5907422410528,45.99873507989747,2270.5964244185416,None,4035.274123283612
Anuradhapura,1.0848892894171973,Hybrid_A,Loam,Rainfed,959.8186912542244,70.7208119173532,2545.515263431185,Low,3671.3306312990617
Anuradhapura,0.3,Hybrid_B,Loam,Tank,1156.9100743383274,58.012721670189364,2378.2656968906354,Medium,3690.0276715621576
Anuradhapura,2.978144086646933,Hybrid_A,Loam,Tank,776.5771333360171,98.64485490190015,2592.822785342235,Medium,3405.405011787028
Anuradhapura,1.034972212250234,OPV_Local,Sandy,Tank,1119.3900020588676,106.1211382348549,2110.5830970798793,Low,3840.8508661727287
Anuradhapura,3.435487522338595,OPV_Local,Clay,Canal,979.915767590249,47.88377731635562,3184.057272102058,Low,3645.900647180873
Anuradhapura,1.0516590087737816,Hybrid_A,Clay,Rainfed,1000.2101812072005,59.39374460468367,3313.3660756617733,Low,3841.8559534670335
Anuradhapura,3.665862503801489,Hybrid_A,Clay,Canal,1213.8005940194873,88.3502125820215,3202.961709299737,Low,4300.0
Anuradhapura,0.4081494895018287,Hybrid_B,Sandy,Tank,1124.137742237625,55.28394284231904,2784.696786726863,Low,3760.9075133992897
Anuradhapura,1.9212330272180473,OPV_Local,Loam,Canal,882.9350139006957,48.25236182695019,3761.189153606433,None,3873.7146733887935
Anuradhapura,0.8623028735610498,Hybrid_B,Loam,Rainfed,1030.3901410671435,121.02524987959728,2985.193492545636,Medium,4160.49532966214
Anuradhapura,3.0165767791152636,Hybrid_A,Loam,Canal,986.2738543921283,111.35224004759911,2757.548258269882,Low,3960.716089069026
Anuradhapura,2.421943416212082,Hybrid_A,Clay,Rainfed,1191.3939154808904,104.78611428941369,2719.1693939512743,Low,4158.331010556223
Anuradhapura,1.9079594168333458,Hybrid_B,Loam,Rainfed,1257.6544647606447,80.81448855342158,3005.439271657481,Low,4300.0
Anuradhapura,2.6662166705546686,Hybrid_A,Loam,Rainfed,1185.770399997687,104.78082150299176,2567.084672803075,Medium,3978.6524104321607
Anuradhapura,2.2220300791649414,Hybrid_B,Loam,Rainfed,1173.250822850448,86.44831369713526,2120.7510341826314,Medium,3559.62712529351
Anuradhapura,4.4456472592050025,Hybrid_B,Clay,Rainfed,767.0069506768451,33.60077131191959,3022.7964732142054,High,2860.060593310559
Anuradhapura,1.1123549504896986,Hybrid_A,Sandy,Rainfed,902.1378957047827,79.16071769236572,3349.3803476737685,Medium,3730.045580610157
Anuradhapura,2.191902682791632,Hybrid_B,Clay,Rainfed,1247.992748889027,49.35488950332675,3359.4139788154093,None,4289.821849265573
Anuradhapura,3.5082447541175172,Hybrid_A,Loam,Tank,726.0425648356078,70.52767143903995,3118.625837692406,Low,3375.595136177826
Anuradhapura,2.1721485166723675,Hybrid_B,Sandy,Canal,896.2959614484959,95.38241506042573,2954.529740941759,None,3807.4573840917396
Anuradhapura,2.10460329560597,Hybrid_A,Loam,Rainfed,1304.0067873635614,39.44869087547982,3253.4978324806693,Low,4300.0
Anuradhapura,2.2422517477456534,Hybrid_B,Clay,Rainfed,1202.331419805814,77.44439737237875,3032.0609393014015,High,4018.7972495516115
Anuradhapura,3.3807261498169163,Hybrid_A,Loam,Tank,931.87898428601,56.721726053028384,2854.7728383933,Low,3802.3271053252406
Anuradhapura,2.806523517885907,OPV_Local,Sandy,Tank,1202.7286669876025,50.43962591708423,2412.7543771757823,Low,3786.4520704455745
Anuradhapura,1.9865686238907079,OPV_Local,Clay,Tube well,1041.607125664948,71.75229081750635,1500.0,Low,3135.7778726998067
Anuradhapura,2.0516524559954044,OPV_Local,Loam,Rainfed,917.8307779890915,98.64579408515911,2888.6953621308753,Low,3672.3921047397025
Anuradhapura,0.3,OPV_Local,Loam,Canal,1156.4172449124496,72.68780351171598,2042.3943011123692,Medium,3765.328129652401
Anuradhapura,2.522605141094801,Hybrid_A,Clay,Tank,803.5597325618194,90.6788905922591,2391.237941272531,None,3589.765250525131
Anuradhapura,3.2412803512093444,Hybrid_A,Loam,Rainfed,1184.26597551885,53.99411622953072,3178.8998399530315,Low,4244.508557907011
Anuradhapura,1.5933926749128247,Hybrid_B,Sandy,Rainfed,1255.5171840020726,94.61606997755783,3752.9054255942237,Low,4300.0
Anuradhapura,1.1348988876544546,OPV_Local,Sandy,Canal,973.2773534398422,61.93395298280282,2050.843596936436,None,3317.5565743602315
Anuradhapura,1.6869002985385113,Hybrid_A,Clay,Tank,1302.7720855914094,43.74098559125161,3548.2309181190153,Low,4300.0
Anuradhapura,0.7401000883890343,Hybrid_A,Loam,Canal,1203.1414700105338,73.1771668851694,2696.3082022645335,Medium,4174.741387909976
Anuradhapura,3.8298002384454755,Hybrid_B,Loam,Tank,1134.1153462443458,53.74050626192869,2715.781156461174,Low,3893.1829741735914
Anuradhapura,1.1991635416309991,Hybrid_A,Loam,Tank,864.4173427527539,83.6184175632422,2353.1165211979182,Low,3527.8510486952023
Anuradhapura,1.9131132718327315,Hybrid_A,Loam,Canal,1097.5283437812861,59.212159007225196,2326.3713324332716,Medium,3698.2022024940925
Anuradhapura,2.6830900008653553,Hybrid_B,Loam,Canal,1011.960591449311,32.632055359453645,2676.408528069314,Low,3490.7343635247125
Anuradhapura,2.6912985819693156,Hybrid_A,Clay,Canal,989.7674022348976,81.01103570223307,2863.4657309709432,High,3458.873631023679
Anuradhapura,2.558473001905,Hybrid_B,Clay,Tank,849.5098374069831,68.73859016574278,2714.0960195639377,None,3492.569348260258
Anuradhapura,0.7574620676166075,Hybrid_B,Loam,Tube well,882.1969829413093,71.71348599357485,3468.518918680099,Medium,3700.9799602543653
Anuradhapura,1.1911362136617898,Hybrid_A,Loam,Tank,1218.591072327654,50.53905330761549,2963.275532929665,High,4092.613916109453
Anuradhapura,1.9032146063771382,OPV_Local,Sandy,Canal,632.0869250178221,72.91535191327257,3259.558015209708,Low,3107.491659793661
Anuradhapura,2.2920042124869933,Hybrid_A,Clay,Tube well,924.3935639316036,74.27975657479297,2799.8469474675735,Medium,3550.088449384967
Anuradhapura,3.816613450563827,OPV_Local,Sandy,Tube well,1129.8434982896783,93.27890148109893,2922.520892215494,Low,4038.568764111648
Anuradhapura,0.3,Hybrid_A,Clay,Canal,1414.4943248757183,85.99115152238859,3052.7400291353547,None,4300.0
Anuradhapura,2.1169930551819265,Hybrid_A,Sandy,Tank,1522.8249774315757,22.18158303632464,2969.0170871668743,None,4300.0
Anuradhapura,1.8367817308138008,Hybrid_A,Clay,Tank,1290.291234608631,67.9191039077475,3489.253837714417,None,4300.0
Anuradhapura,1.5107840202774634,Hybrid_A,Sandy,Tube well,1179.1675932181438,80.41505036598403,2713.3615674085386,None,4179.336949773932
Anuradhapura,2.8825876643314943,OPV_Local,Clay,Rainfed,1023.0516439641035,107.90388489513063,4012.3069855984504,Medium,4300.0
Anuradhapura,1.3701134056071753,Hybrid_A,Loam,Tube well,850.3056837221634,106.26507736927871,3137.2939198258046,Medium,3914.8199271454346
Anuradhapura,1.9862153948043444,Hybrid_A,Loam,Tank,871.576371846125,10.0,2675.56071436139,Low,3102.316392550335
Anuradhapura,1.4621625157284213,OPV_Local,Sandy,Rainfed,1328.0017960998669,87.81199405429197,2836.6323263256295,Low,4300.0
Anuradhapura,2.891966454556428,OPV_Local,Loam,Tank,1396.37972770776,119.22025646563421,3040.7471008845955,High,4300.0
Anuradhapura,2.152448671130358,Hybrid_B,Loam,Rainfed,1266.4068982671708,41.87666727612895,3193.2850669561954,Medium,4146.769313245853
Anuradhapura,2.411386607824249,Hybrid_B,Loam,Tank,769.538602798475,109.29838712550617,2648.898584313616,Low,3800.393981575234
Anuradhapura,2.068993122425467,Hybrid_A,Loam,Rainfed,1251.0267821758675,62.597311011814064,2586.691891146749,Low,4136.063207601509
Anuradhapura,1.596476331124515,Hybrid_A,Sandy,Tank,1264.2279143724745,63.38571211110644,2371.568753536732,Medium,4207.28163413282
Anuradhapura,2.3812076718166217,Hybrid_B,Loam,Rainfed,972.7899768347206,80.59316788180871,3442.11936848191,None,3926.6874360869065
Anuradhapura,1.4532042545537358,Hybrid_A,Sandy,Rainfed,1157.8976809518085,68.11936999109498,2656.0041216044274,Low,3771.272054390484
Anuradhapura,2.3190014071748624,Hybrid_B,Clay,Tank,787.8155660195367,65.32914814443085,3000.941909692914,Medium,3285.6599687133767
Anuradhapura,2.669463573141083,OPV_Local,Loam,Rainfed,1187.0697885264497,90.92755322315995,3048.496551458504,None,4297.056453762752
Anuradhapura,2.81125744593637,Hybrid_A,Loam,Tank,1471.5735516145176,122.77877590319719,2732.193658190515,Low,4300.0
Anuradhapura,4.410290948476362,Hybrid_A,Loam,Tank,350.0,71.33677923724197,3056.5142535995456,Medium,2578.7189692246475
Anuradhapura,3.608724588170359,Hybrid_A,Sandy,Tank,735.7385359882826,127.2255587196273,2716.2507985652164,Low,3622.307020377812
Anuradhapura,1.6488619584567064,Hybrid_B,Clay,Tube well,929.6751599623619,46.69734241579616,2609.8903730335965,Low,3541.265776224651
Anuradhapura,1.6302000538774633,Hybrid_B,Loam,Rainfed,1017.8168702245097,67.1139787109629,3082.662962312423,Low,3805.3279806662713
Anuradhapura,2.1551063436818496,Hybrid_A,Sandy,Canal,461.80359884154643,48.80314213237732,2128.5934825241693,Medium,2232.1572442789493
Anuradhapura,1.6724280159594036,Hybrid_B,Clay,Tube well,748.6380607341357,89.83028776143622,2780.0155314727535,Low,3311.282579333585
Anuradhapura,3.8462249142857976,Hybrid_B,Loam,Tank,990.6871495094032,63.74332132886882,3457.7055649459394,Low,4090.7199463109546
Anuradhapura,1.5595940738877683,Hybrid_A,Loam,Canal,1508.061054230436,74.97654931197309,2835.2262931193845,Low,4300.0
Anuradhapura,2.566093743528499,Hybrid_B,Clay,Tube well,1700.4131731928712,53.91924920476254,2844.405446495352,Medium,4300.0
Anuradhapura,3.6554337529749708,Hybrid_A,Clay,Tank,1154.6108175399233,29.55471259553739,2646.1166000499106,Low,3801.070829577187
Anuradhapura,1.2129964483236546,OPV_Local,Loam,Tube well,1157.7028988380007,66.39062833954858,2934.729923804114,Low,4161.6431128491995
Anuradhapura,3.1829322807735094,Hybrid_A,Clay,Rainfed,1072.7590546481204,59.51258854261549,2994.408133946826,Medium,3711.3521206907217
Anuradhapura,3.742959752013942,Hybrid_A,Clay,Rainfed,1026.0199270263204,32.07450948263757,2101.438373111314,Low,3193.522809580796
Anuradhapura,0.7638831371760773,Hybrid_B,Clay,Tube well,981.5178345485399,48.44381452732816,2736.9849536351976,Medium,3374.1772462285294
Anuradhapura,1.747156126102513,Hybrid_A,Clay,Canal,780.2236185378757,39.91287505807324,2769.939588901915,Low,3099.2218459389596
Anuradhapura,1.5678218352839242,OPV_Local,Clay,Canal,1242.2645005183945,76.93805961720886,2380.3043315701448,Low,3955.890543585822
Anuradhapura,1.0877763036918813,Hybrid_B,Loam,Tank,464.10145752756017,40.562397856185555,2513.1431226640934,Low,2488.659586117306
Anuradhapura,2.1776399790974557,Hybrid_A,Loam,Tank,1130.106121757328,40.66564888722158,3532.509831558311,Medium,4216.075952521796
Anuradhapura,2.4079937529015525,OPV_Local,Clay,Rainfed,631.1785136516014,74.88293270649932,3105.154728986144,None,2986.7960721001614
Anuradhapura,2.0606790544254294,OPV_Local,Loam,Tank,1229.4052127276861,66.30742912780588,3128.72919912253,Low,4275.679900403672
Anuradhapura,0.8335824340678069,Hybrid_A,Sandy,Canal,698.149379376862,82.13247805526952,2963.0474708882084,Low,3325.6884370850485
Anuradhapura,3.3356771444898996,Hybrid_A,Sandy,Tube well,658.8493465171338,87.41497843689989,2246.568452726103,None,3163.9562659239255
Anuradhapura,0.9256825874719273,Hybrid_A,Sandy,Rainfed,825.7872481791006,64.10493225359075,2743.21841997637,High,2886.8186628095445
Anuradhapura,2.4758669473111703,Hybrid_A,Loam,Tube well,870.478861396952,56.088865205466654,3357.286738405446,None,3747.72067772132
Anuradhapura,1.4278850237255236,Hybrid_B,Loam,Rainfed,826.4603026504242,68.59750172305809,3207.6966628290543,Low,3493.7561177483185
Anuradhapura,2.450108494059937,Hybrid_A,Loam,Tank,1202.7600076785864,38.51548885903239,2790.587493740621,High,3673.002432001629
Anuradhapura,2.2158664317499084,Hybrid_A,Sandy,Rainfed,672.6331972036633,85.24011226020181,2832.8882682099925,Medium,2940.7208620146453
Anuradhapura,1.935865236856159,Hybrid_B,Loam,Tank,1040.0133527606288,64.6842007913298,3492.214342883643,None,4048.4064742664505
Anuradhapura,2.4158806653251697,Hybrid_A,Clay,Rainfed,1236.0393245771263,39.003779740808454,3006.8562759041515,Medium,4020.8625746607236
Anuradhapura,0.6814382085201516,Hybrid_B,Sandy,Tank,819.5326543772935,25.962039412845698,3043.5962447446236,Low,3183.697515633946
Anuradhapura,2.776709026461698,Hybrid_A,Clay,Rainfed,1014.4274686919632,54.75200387138345,3324.7106417448094,Low,3628.6893207817047
Anuradhapura,2.2732738003276163,Hybrid_B,Loam,Canal,812.7863224506493,73.5959657937424,2270.713825171838,Low,3190.085136553479
Anuradhapura,0.9433012137747884,Hybrid_A,Loam,Rainfed,1128.0353523487752,65.8051679304251,3410.462317508367,Medium,4017.5142463314573
Anuradhapura,0.7509142285390922,Hybrid_A,Loam,Canal,1143.7170743113402,73.7336018416269,3621.2234396628833,Low,4300.0
Anuradhapura,2.172306025860935,Hybrid_A,Clay,Tank,809.2927356758731,77.06813988169864,3561.2978196566382,None,3887.3926449463484
Anuradhapura,0.8996631989442763,OPV_Local,Loam,Tank,1209.5452084324622,48.19991501019402,2886.129393573253,Low,4035.888033259711
Anuradhapura,1.9535917798001157,Hybrid_B,Sandy,Canal,591.4400583317442,75.33622536236847,2657.824417880647,Low,2916.2505381866017
Anuradhapura,2.3762309992065296,Hybrid_A,Sandy,Tube well,858.8908700002455,60.15279521718294,2669.563305884008,Medium,3144.790044984048
Anuradhapura,2.5240227601440264,Hybrid_A,Loam,Tank,1045.5254619828809,86.00604222339365,2757.431900798969,Medium,3924.8375265936857
Anuradhapura,2.9436965589509625,Hybrid_A,Loam,Rainfed,1025.4237708767446,98.82747687328529,2585.080989217896,Low,3805.3053099305553
Anuradhapura,2.63272767589004,Hybrid_A,Sandy,Tank,1188.5085205393466,46.211184018246456,2886.9607565665797,High,3734.792685440482
Anuradhapura,1.0388286868773573,Hybrid_A,Loam,Canal,901.5469955269009,69.13729609366476,2378.6962580183854,High,3284.866909291418
Anuradhapura,2.3627791850193725,Hybrid_A,Clay,Tank,1037.4961303323546,53.85488482828107,2941.487947637046,Medium,3923.7830854971694
Anuradhapura,0.4665313583091568,Hybrid_B,Loam,Rainfed,1108.4208320394398,46.526893364415145,3199.4300475394534,Low,3839.0673667573465
Anuradhapura,1.1019059197403127,Hybrid_B,Sandy,Canal,1139.33653237477,67.68864602241366,3780.8188173464496,None,4300.0
Anuradhapura,2.907563599932381,Hybrid_A,Loam,Canal,1005.6388315806958,31.000801401656403,2709.618790572033,None,3595.9090230762154
Anuradhapura,0.5429429296855621,Hybrid_A,Loam,Canal,1300.9324706282603,62.1508437567408,2204.0651344067264,Low,4083.782344945997
Anuradhapura,0.5753765693225634,Hybrid_B,Loam,Tank,933.8663137542268,68.73640109644586,3337.041779670746,Low,4095.3701773730304
Anuradhapura,3.362486653693246,Hybrid_A,Loam,Canal,1085.9309177570851,74.8145575271618,3451.7792477360713,None,4300.0
Anuradhapura,1.2606911566374177,Hybrid_A,Sandy,Canal,914.4856964043051,39.06183165784099,3495.4081217039657,Medium,3729.0839967824777
Anuradhapura,1.2785734007258238,OPV_Local,Loam,Canal,829.610689420492,46.800290812458854,3157.650565073613,None,3591.7211899485046
Anuradhapura,3.2520870055609707,Hybrid_A,Loam,Rainfed,869.7716188874412,85.59075464519877,2994.6688769444504,Medium,3605.9803793052456
Anuradhapura,2.6168497426575135,OPV_Local,Loam,Rainfed,1231.4407566470716,78.8417360740534,3210.3473358943384,Medium,4136.603137886245
Anuradhapura,2.2820563287441553,OPV_Local,Loam,Canal,1139.662650057852,57.81977733988258,2951.554076222757,None,4089.512206404211
Anuradhapura,1.4269495999944581,Hybrid_A,Clay,Tank,930.51997741998,122.01164082957894,2442.931581389588,Medium,3655.318353360849
Anuradhapura,2.494190363043378,Hybrid_A,Sandy,Canal,1172.5529697772652,72.18991480170645,2578.07509177988,Medium,4096.396729259555
Anuradhapura,0.6416289326302371,Hybrid_B,Clay,Tank,964.1788906258158,42.16032446262235,2664.0048395962867,Medium,3242.4871303523037
Anuradhapura,1.5173082429489362,Hybrid_A,Sandy,Canal,1062.7476514346895,99.15010240880406,2411.619298397201,Low,3780.0373449578656
Anuradhapura,3.0660068141016197,OPV_Local,Clay,Tube well,1417.0827880671663,21.741344424247266,2628.777964157676,Low,4117.368848157538
Anuradhapura,2.75219271276782,OPV_Local,Clay,Tank,1105.4468920301815,75.76165061397423,2971.608952196479,Low,4154.172206779056
Anuradhapura,1.7637156648262828,Hybrid_A,Loam,Tank,1079.0686982242762,87.3949766821151,2157.2876183289536,Medium,3694.6012554982344
Anuradhapura,0.4364827024176623,Hybrid_A,Loam,Rainfed,1164.3606987580195,105.21805722382462,3495.482703361341,Low,4300.0
Anuradhapura,2.6779463974352624,Hybrid_A,Clay,Canal,1216.1365216631548,78.56291184373181,3044.918840327291,None,4300.0
Anuradhapura,1.9071912578136654,Hybrid_A,Loam,Rainfed,560.3008426038991,53.181274358213955,2556.232501829007,High,2502.2769342678152
Anuradhapura,0.9898761911545793,Hybrid_B,Sandy,Canal,1026.5511954649705,105.52031736294009,2894.597246886271,None,4012.7070490331885
Anuradhapura,1.4900774887657906,Hybrid_A,Loam,Canal,1261.8317789697012,113.18861825626593,2877.80214770366,Medium,4300.0
Anuradhapura,1.9692303931147395,Hybrid_A,Clay,Rainfed,1139.3128376983045,51.28822386756504,3863.7797650051343,None,4300.0
Anuradhapura,1.2570195062425826,Hybrid_A,Loam,Canal,405.43724654504047,56.94948565224297,3437.45452869539,None,2920.689360381041
Anuradhapura,2.2311179204784004,Hybrid_A,Sandy,Tank,870.7434428243154,78.13607996802367,3559.8994287873143,None,3942.793512193316
Anuradhapura,2.876044857240336,Hybrid_A,Loam,Canal,1090.4062459860165,57.278443323627314,3094.484947201701,Medium,4114.706795033985
Anuradhapura,1.1064721488356124,Hybrid_A,Sandy,Tank,753.6860597503635,97.91026068625303,3209.1628399158153,High,3460.4396046825996
Anuradhapura,1.8835003928663567,Hybrid_B,Loam,Tank,1404.0703588662682,59.11197569921336,2415.7504893338846,Low,4300.0
Anuradhapura,1.6883448099632945,Hybrid_B,Loam,Tank,850.3648163131951,104.39353810827764,2734.689857943305,High,3651.7022022437427
Anuradhapura,1.809134971396808,Hybrid_B,Loam,Tank,1360.2581401014538,118.63935322435538,2747.2545561328025,None,4300.0
Anuradhapura,2.7555037371326803,Hybrid_A,Sandy,Rainfed,461.97011851967875,72.78171237819589,3071.1412172515534,None,2853.694008233063
Anuradhapura,1.8150141067537928,Hybrid_A,Loam,Tank,1193.6091226273957,85.70163727021605,3239.7335770541313,None,4300.0
Anuradhapura,1.5174866865979544,Hybrid_A,Clay,Tank,606.7118515672337,73.4822349947082,2467.605686407655,Medium,2811.3113253353395
Anuradhapura,0.3,Hybrid_B,Clay,Rainfed,994.7983174797675,64.38332877387097,2700.4791335902755,None,3707.8894264973824
Anuradhapura,0.7926134186497114,Hybrid_A,Sandy,Rainfed,983.8981744090728,52.896149338766804,3020.939004350472,Low,3682.3386329343816
Anuradhapura,0.3,Hybrid_A,Sandy,Rainfed,1285.492556211215,87.82912266376148,2815.7203259117405,Low,4300.0
Anuradhapura,1.7160155557041699,Hybrid_A,Loam,Tank,599.0285189895027,70.56763843987945,2622.282201175251,Medium,3032.3386261257024
Anuradhapura,2.327636135214087,Hybrid_A,Sandy,Tank,1061.8164233079654,71.48066148287786,3030.019631774237,Medium,4095.209218690509
Anuradhapura,2.5560058390436255,OPV_Local,Loam,Canal,1004.210026464021,66.00867505540181,3569.2439632369224,None,4201.740809427567
Anuradhapura,1.580998094218268,OPV_Local,Clay,Tube well,1311.342539995112,93.28311992555243,2444.2934234741338,Medium,4113.523058097521
Anuradhapura,3.9000325579853965,Hybrid_A,Clay,Canal,1174.3502219119055,70.01662116400111,3108.060283815536,Medium,4206.123558054627
Anuradhapura,1.9870318690651088,Hybrid_A,Sandy,Rainfed,1041.3234349636693,43.688874574277484,3817.664981027231,Medium,3844.0374114284486
Anuradhapura,1.3802572114487734,Hybrid_A,Clay,Rainfed,1299.7461878648783,73.84437526874223,2455.2679835141557,Low,4108.742376953362
Anuradhapura,0.3,Hybrid_A,Loam,Canal,890.3258475740209,77.42426051589443,3333.9573139505883,Low,4050.0505818370734
Anuradhapura,2.844293100812758,Hybrid_A,Clay,Tube well,1388.9919963039301,48.89565830951196,3766.7481222796555,Low,4300.0
Anuradhapura,2.402138404272261,OPV_Local,Sandy,Tank,1431.0743622669563,114.1441761619916,3063.8389558568047,Low,4300.0
Anuradhapura,2.507823622109444,Hybrid_A,Loam,Rainfed,856.4580744428209,84.49799978985882,2484.0710384301865,High,3385.713770759811
Anuradhapura,2.8329104368155105,Hybrid_A,Clay,Tank,805.2302460903155,62.333743790036436,3237.4811711149155,Low,3483.0780132876253
Anuradhapura,2.752952658787056,Hybrid_A,Loam,Tank,854.2366598292148,74.65048015313128,3220.22377951854,Low,3661.947049609049
Anuradhapura,2.465213614745467,Hybrid_B,Loam,Tank,1263.270368770437,95.33823214862589,3527.753776373662,Low,4300.0
Anuradhapura,2.1011585139687003,Hybrid_A,Sandy,Rainfed,1321.7192473549053,46.876777890928935,3267.4308058556485,Medium,4244.367169237343
Anuradhapura,2.2773631896671533,OPV_Local,Sandy,Tank,1364.018404889717,82.39501656454051,2819.418911424531,Low,4284.584468330579
Anuradhapura,1.3485990517538458,Hybrid_A,Loam,Canal,734.5193063118344,116.4592117138961,2457.858560421289,Low,3402.1539326568904
Anuradhapura,3.050788609897153,Hybrid_B,Clay,Tank,1306.704688056308,63.081532462762155,3055.016714826641,Low,4300.0
Anuradhapura,2.038500585591264,Hybrid_A,Sandy,Tank,1033.370896075104,52.582894229906,2943.028756238735,Low,3779.364754905902
Anuradhapura,3.3661320176300498,Hybrid_A,Sandy,Canal,848.452304815002,52.51334598972831,3021.430865245582,None,3533.9197136419216
Anuradhapura,1.4348874159999707,OPV_Local,Clay,Rainfed,737.4061296689684,94.28787032522774,3500.5132924983923,Low,3446.553001065482
Anuradhapura,2.551535426340433,OPV_Local,Sandy,Rainfed,1193.7623829286072,41.069503631734726,2861.0082978609603,Low,3735.079296970531
Anuradhapura,1.4841108007394666,Hybrid_B,Loam,Tank,1557.6110571778677,86.81117487577326,2790.281714430548,Low,4300.0
Anuradhapura,0.9745242438791577,OPV_Local,Sandy,Rainfed,902.3246428166437,77.33132334009716,2358.014057955724,Low,3107.9547217694953
Anuradhapura,1.0553389825852841,Hybrid_A,Sandy,Tank,998.0664857307939,87.38523936118467,2746.968392372662,Low,3932.4490529190825
Anuradhapura,0.3,Hybrid_A,Sandy,Tank,1647.03201676957,109.75794831718082,2684.0819718718917,Low,4300.0
Anuradhapura,1.9493485915169344,Hybrid_A,Clay,Tank,1301.592088434546,10.0,3697.1173760079055,Low,4254.395330216953
Anuradhapura,1.140516560347912,Hybrid_B,Clay,Tank,975.8152113003625,99.57966006987715,3447.389714557186,Low,4060.153074962064
Anuradhapura,1.6196591903287638,Hybrid_A,Loam,Tank,1146.9258192555887,84.85605440366102,3048.0129773593694,None,4300.0
Anuradhapura,2.6948275411688325,Hybrid_A,Clay,Canal,970.3930659010937,80.51251919727237,3243.191252958796,High,3778.4447787586973
Anuradhapura,1.8117698332914878,Hybrid_A,Clay,Tank,864.2252469820743,68.62670748925848,2976.835779265646,Low,3656.8945393589297
Anuradhapura,3.010507513719687,Hybrid_A,Loam,Canal,1050.7163119451238,80.87759762885464,2310.0826850311864,Medium,3888.027031806189
Anuradhapura,0.3,Hybrid_A,Clay,Tube well,659.1996913063224,64.70857136575712,2122.824198485391,Low,2952.1805579628735
Anuradhapura,3.0112369260415472,OPV_Local,Loam,Tank,838.3392130936875,28.42648114138921,1942.7136430255428,Low,2833.452097257068
Anuradhapura,1.7555526475465792,Hybrid_A,Clay,Tank,950.2023879335727,85.36971221462188,3367.8796124289256,None,4170.042713894097
Anuradhapura,1.072351469918638,Hybrid_A,Sandy,Rainfed,967.667466750631,66.58179425920403,2147.220776568394,None,3511.1722369044423
Anuradhapura,3.069017754948123,OPV_Local,Loam,Canal,744.8829818087493,90.92028660746564,3368.9548814210484,Low,3632.290720133028
Anuradhapura,2.760703946780265,Hybrid_A,Loam,Tank,1156.7484132182435,61.66553485734507,2477.569915315257,None,4038.981036723861
Anuradhapura,1.5975166046486116,Hybrid_A,Loam,Tube well,1060.001462706175,48.287922205927046,2829.7297536260817,High,3649.0025242972038
Anuradhapura,0.6586131792486405,Hybrid_A,Loam,Tank,1400.488457572895,97.41329634824508,3029.9129237011794,Low,4300.0
Anuradhapura,1.4683394305826634,Hybrid_A,Loam,Tank,1051.5312708263532,70.67351822556371,2727.1116261722245,Low,3858.989075815921
Anuradhapura,1.0431065230623293,Hybrid_A,Clay,Canal,1084.0329817796312,51.34361879284006,3279.231298163519,Low,3904.363778477702
Anuradhapura,1.6781503101139514,OPV_Local,Clay,Canal,1193.3732444370635,68.25847237915312,2042.8118101190616,Low,3619.066986961315
Anuradhapura,1.065348491146267,OPV_Local,Clay,Rainfed,1307.1987083578806,79.22199270666844,3514.1379432242875,Medium,4300.0
Anuradhapura,0.8494835658277882,Hybrid_A,Loam,Tank,912.1519100374582,55.669970495498326,2743.9824023909678,Low,3634.4751015995244
Anuradhapura,1.9552128786505942,OPV_Local,Sandy,Rainfed,896.9788180843663,77.71992968142875,4200.0,Medium,3879.9953319950932
Anuradhapura,2.757250701328905,Hybrid_A,Loam,Canal,1345.0984728896203,113.33052714540291,1871.8466808542344,Medium,4300.0
Anuradhapura,1.2767671501175926,OPV_Local,Loam,Tank,1064.3212240303317,49.76796155360179,2572.388044284504,None,3749.8288963054815
Anuradhapura,1.6343659557625976,Hybrid_A,Sandy,Tank,1220.8958275097168,73.84860671524413,2994.7029376950395,Medium,4059.0691448090765
Anuradhapura,2.116829137710041,Hybrid_A,Loam,Tank,1039.5303864878674,22.827254576739456,2923.0237875452285,High,3703.75742856859
Anuradhapura,0.3,OPV_Local,Clay,Tank,790.4675253743058,11.784877643384668,2289.3127917907104,High,2475.5955573105402
Anuradhapura,1.945680699328313,Hybrid_A,Sandy,Tank,956.596056283525,61.53977802694384,3242.642979870065,Low,3969.449407566455
Anuradhapura,1.475349841485287,Hybrid_A,Loam,Tank,1050.1587599965283,78.58225648647125,2516.1154191361347,Low,3785.57931067809
Anuradhapura,2.056737782785474,Hybrid_A,Clay,Rainfed,1329.3826757061834,88.61177312185498,2838.4944172269143,Low,4300.0
Anuradhapura,2.9752803227012343,Hybrid_A,Loam,Rainfed,1072.1723194770384,64.92436032888106,2647.562564708,Medium,3802.3929889157234
Anuradhapura,1.980909665933232,OPV_Local,Loam,Tube well,1266.967781659915,82.24346962052797,2749.255345021929,Medium,4135.765097452195
Anuradhapura,2.7780820856927066,Hybrid_A,Clay,Tank,813.8434038697637,80.48485123363466,3201.084037345627,Medium,3429.7628741483977
Anuradhapura,3.197705148332969,Hybrid_A,Clay,Tank,945.6202963988042,81.73177346473435,2359.408864960541,Low,3621.4315563305545
Anuradhapura,2.4692043702592095,Hybrid_A,Sandy,Canal,1240.4944589176698,95.39867281112701,3091.330092534719,Low,4300.0
Anuradhapura,1.0131487131196726,Hybrid_A,Sandy,Tank,1089.082117390276,60.15529454453745,2808.615125868495,Medium,3758.23562154028
Anuradhapura,0.502097294652051,Hybrid_A,Loam,Canal,747.5527022526392,65.1982824989836,2475.744739049314,Medium,3139.0731844763955
Anuradhapura,1.7817833586949086,Hybrid_A,Loam,Tank,759.121845413138,72.23903293284559,2035.888869202165,Low,3327.2500968071367
Anuradhapura,0.9797660861786214,Hybrid_A,Clay,Tank,933.75700968024,86.38192702517793,3094.9606545302104,Low,3702.8774190127597
Anuradhapura,3.2633429451511677,Hybrid_A,Clay,Canal,1182.313443668644,53.88660477206211,3075.5633811653443,None,4157.935930641602
Anuradhapura,2.0308750991958626,Hybrid_A,Sandy,Tube well,681.2031923604613,98.988907482647,1988.3700906336041,Low,2989.111620850294
Anuradhapura,0.6264945241221405,Hybrid_A,Sandy,Tube well,1088.7867209694105,26.03919815647741,2626.5895188394798,Low,3685.646919164806
Anuradhapura,1.0599210957254162,OPV_Local,Clay,Tank,1051.2212313753553,81.41464108613926,2941.914446884041,Medium,3689.050444512205
Anuradhapura,0.46258940086049805,Hybrid_A,Clay,Tank,805.3353180818316,38.298819712527525,2216.7402349303447,Low,3058.5058005142614
Anuradhapura,1.8052277384514466,Hybrid_B,Loam,Rainfed,1054.9306604602953,50.175727686344146,2762.839487353707,Low,3708.904551872195
Anuradhapura,3.020444070391197,Hybrid_A,Clay,Tank,851.2181923314156,84.44633122370611,2503.254053627489,None,3489.389856612746
Anuradhapura,1.047036706111148,Hybrid_A,Sandy,Tank,1133.7088503863213,105.03075964565406,3716.9161496045003,High,4300.0
Anuradhapura,2.635717518575881,Hybrid_A,Loam,Tank,1020.0067405779988,62.232727096095324,2888.565476868451,Medium,3902.931480999546
Anuradhapura,2.5673245301819216,OPV_Local,Loam,Rainfed,823.290637175556,64.596766158078,2545.1198047506587,Medium,3059.9818037965656
Anuradhapura,2.562901027473392,Hybrid_A,Loam,Canal,1273.5124594053373,37.572432705692165,2947.2993304571505,Low,4041.6724787233343
Anuradhapura,2.2732705746342456,OPV_Local,Loam,Rainfed,753.9159435631866,52.234455228608326,2850.127411023377,Medium,2945.8191251395056
Anuradhapura,1.1124547396240314,Hybrid_B,Clay,Canal,976.7601711566667,69.54016493278874,2869.2775009896886,Medium,3653.932594300836
Anuradhapura,0.9804353025112936,Hybrid_A,Loam,Rainfed,889.2876614813472,80.6475635632562,2872.1466136158306,Medium,3519.8232685931607
Anuradhapura,1.5781941388171596,OPV_Local,Sandy,Rainfed,1419.1561833095732,34.603615912196716,2700.233417334783,High,3896.8604905432994
Anuradhapura,2.519022142201412,Hybrid_A,Loam,Tank,810.629907198012,29.281613211108777,3104.561687298154,None,3437.6108849399193
Anuradhapura,1.17225705771962,Hybrid_A,Loam,Tank,998.5212488903724,63.99741998051712,3227.473534678501,None,3931.253874153926
Anuradhapura,0.5519734019112765,Hybrid_A,Sandy,Rainfed,766.0434082424092,76.04921826294539,2479.854018714879,Medium,3143.6433129492098
Anuradhapura,1.2095645690578491,Hybrid_A,Loam,Rainfed,706.9241814901609,64.5586087942788,2959.9568246958092,Medium,3147.353396280785
Anuradhapura,2.5032433811398196,OPV_Local,Sandy,Rainfed,954.1675758938344,45.07877729601171,2103.7163119600236,Low,2928.0554129327948
Anuradhapura,1.1170176344956646,OPV_Local,Sandy,Canal,655.3060415560437,87.47770439784001,2765.593308716107,High,2868.477233241724
Anuradhapura,1.2670393469211945,Hybrid_A,Sandy,Canal,1067.039733593177,48.02632668872278,2929.515971087389,None,3851.3982924855404
Anuradhapura,1.0970098067193548,Hybrid_A,Loam,Tank,1001.71389413064,88.81634614274964,2716.266865249969,Low,4067.609073323795
Anuradhapura,1.0358035826531484,Hybrid_A,Loam,Canal,898.5950536001357,95.93505061481265,3370.688164573519,Low,4282.674258259349
Anuradhapura,1.988130026334084,Hybrid_A,Loam,Rainfed,941.9171756107428,63.1598555433531,2303.5829351901075,Low,3412.77688696825
Anuradhapura,2.217369634298606,Hybrid_B,Sandy,Tank,1179.7130204703624,43.44054961827959,1876.3345836529234,None,3536.116781590883
Anuradhapura,2.464735069560426,OPV_Local,Loam,Tank,720.3217875133868,86.63258189334802,2940.9695381939086,Low,3486.7646405984865
Anuradhapura,1.284376444813138,OPV_Local,Sandy,Rainfed,1356.7093883060384,57.623000060116155,2408.036490499416,None,4036.1221793555264
Anuradhapura,2.31218242404474,OPV_Local,Sandy,Rainfed,1310.2786378386072,113.22285235747182,2552.974497943411,Medium,3990.180563357188
Anuradhapura,0.9794015578481832,Hybrid_A,Loam,Tank,888.3924429445334,83.35186367960841,1920.2682324777652,Low,3424.77010580746
Anuradhapura,1.5586869133844938,Hybrid_A,Sandy,Tank,1171.5208637211108,112.10702693716766,3071.6564470572357,Medium,4300.0
Anuradhapura,3.472038377810388,Hybrid_A,Clay,Canal,1335.9815793326477,23.917824777118746,2401.0111030453536,Medium,4060.4810410373098
Anuradhapura,0.3,Hybrid_B,Clay,Tank,817.7139109425952,63.26063381623399,2898.5630608482948,Medium,3321.6215774589273
Anuradhapura,2.0747924614773243,OPV_Local,Sandy,Rainfed,927.1171691814326,85.55920203431603,3742.259576334098,Medium,3757.1930153083235
Anuradhapura,0.8187121146604373,OPV_Local,Loam,Tube well,1166.8440297436216,103.29608214062392,3100.569044173053,Low,4300.0
Anuradhapura,0.3,Hybrid_A,Loam,Tank,1329.4011881397314,59.89240692082579,3027.746550474842,Low,4300.0
Anuradhapura,2.223775574616519,Hybrid_B,Sandy,Canal,1262.4341092069578,59.76625149649373,3433.2041578572776,None,4300.0
Anuradhapura,1.0902325722296016,Hybrid_B,Sandy,Canal,1204.5804343522423,53.02101693735675,3495.9986796259086,High,3990.642441486916
Anuradhapura,1.2657439036556126,OPV_Local,Loam,Tube well,836.4363801668493,94.5523646948222,2917.1556297503466,Low,3512.6272047950633
Anuradhapura,1.9347223193132794,Hybrid_A,Clay,Canal,1208.5764128303508,80.51065689485102,3353.3087789713522,High,4300.0
Anuradhapura,1.3930793845136793,Hybrid_A,Loam,Canal,682.8247772377946,47.02713915793062,1796.2356713222557,Low,3007.167102332291
Anuradhapura,1.2211480073705552,Hybrid_A,Sandy,Rainfed,1332.4269439292366,70.34776040917595,2707.1933763832767,Low,4284.030796468723
Anuradhapura,1.4956191994283423,Hybrid_A,Clay,Tank,1305.142640288317,35.07631679653894,2611.013014539009,Low,3952.013520316209
Anuradhapura,1.4229722506162643,Hybrid_B,Sandy,Rainfed,1055.9496634163809,105.76843491326673,3028.8921986067044,High,3797.7776688391377
Anuradhapura,1.7475709278502285,Hybrid_A,Loam,Tube well,913.3660242571904,34.48587122102918,2419.66257780344,Medium,3158.4416065216724
Anuradhapura,1.243615293275707,Hybrid_A,Sandy,Tube well,1329.4164998393335,66.785058534495,3159.4054066744734,Low,4300.0
Anuradhapura,0.8847639845057598,Hybrid_A,Clay,Rainfed,846.2442399863226,91.39511339127941,2353.787781269756,High,3151.7625809475226
Anuradhapura,2.43914803778864,Hybrid_B,Sandy,Rainfed,983.9381864092855,51.37799403357798,2500.2782597499704,None,3420.4442212983317
Anuradhapura,1.7360055625806976,Hybrid_A,Sandy,Tube well,1045.1963897998667,73.84146922575265,2833.3900638759915,High,3909.3747608024128
Anuradhapura,0.3,Hybrid_A,Loam,Tank,1072.4851688609074,57.44332490239454,2691.1980908907663,Medium,3916.0331706037305
Anuradhapura,2.9313260888336865,OPV_Local,Sandy,Rainfed,703.3009690343035,72.10652213252409,2803.201975177179,Medium,2988.024852246078
Anuradhapura,2.523042163310464,Hybrid_A,Sandy,Tube well,1310.4277942425492,81.85929676146098,2260.484654827061,Medium,4144.531956331074
Anuradhapura,2.802515037236163,Hybrid_A,Loam,Canal,953.4610388519679,76.63740019583818,2893.7252164230113,Low,3601.159059774211
Anuradhapura,1.5070651176518393,Hybrid_A,Loam,Rainfed,1339.529323927668,44.22360435901364,3532.2036086805633,Low,4300.0
Anuradhapura,1.451536594588326,Hybrid_A,Clay,Rainfed,1442.9000652144314,68.56855561012733,2346.947402001321,Low,4190.704025618879
Anuradhapura,1.7747166071190628,Hybrid_A,Sandy,Canal,887.2585603926959,90.81348020427005,2780.760683874471,High,3521.4925083487237
Anuradhapura,1.8508610043992344,Hybrid_A,Clay,Canal,1063.5864143202214,96.07428988363212,2346.7188326279543,Medium,3883.8647495046334
Anuradhapura,2.6752967436325186,Hybrid_A,Sandy,Rainfed,1263.6483773019984,78.5749356010605,2210.5222735836205,Medium,3869.580912314824
Anuradhapura,1.098096270215557,OPV_Local,Sandy,Rainfed,1325.9114305926778,89.77264567527952,2552.51204012876,Medium,3789.5691542104205
Anuradhapura,1.8921920440697404,Hybrid_A,Sandy,Rainfed,1283.8185615758953,105.48946502109544,3472.143494376115,Low,4300.0
Anuradhapura,0.941988292121915,Hybrid_A,Sandy,Canal,1284.7889610502007,78.72004384776997,3301.4944175719847,Low,4300.0
Anuradhapura,3.4056280498067695,Hybrid_A,Loam,Rainfed,1209.818724299292,79.41077318637407,2697.5867210300157,Low,4300.0
Anuradhapura,1.7664525861844735,Hybrid_A,Loam,Tank,1242.8787453708153,99.29000445431457,2926.332050790227,Medium,4300.0
Anuradhapura,2.3319346367608524,Hybrid_A,Sandy,Rainfed,911.1446127859645,63.82410939674592,2735.9526087696227,None,3494.014390859494
Anuradhapura,1.1511061984637847,OPV_Local,Loam,Canal,708.5641052884215,89.82445918336778,2563.057497879058,Low,3246.9614997097256
Anuradhapura,2.7877013172397547,Hybrid_A,Loam,Rainfed,1211.9158165592194,47.063386508781285,2129.834970869893,Medium,3626.542285437051
Anuradhapura,1.2788225235397674,Hybrid_B,Loam,Rainfed,1063.5347822179044,74.30159603708624,2449.045992069793,Medium,3485.1769722123863
Anuradhapura,0.3,Hybrid_A,Loam,Rainfed,834.3162066853404,42.40635648386683,2765.909176120385,Medium,3326.8507272676547
Anuradhapura,2.07000859072212,OPV_Local,Clay,Canal,1336.489140514864,96.20515420045678,2756.505377192006,Low,4300.0
Anuradhapura,2.64680944409005,Hybrid_A,Sandy,Rainfed,1116.5639622397862,98.07837062237053,3444.0727705095155,Low,4265.835584893355
Anuradhapura,0.9743907668485161,Hybrid_B,Clay,Tube well,978.0259705996556,89.44463740247978,3608.91583761842,None,4140.5770310602475
Anuradhapura,2.5433988057777097,Hybrid_A,Sandy,Rainfed,1490.6005219820095,74.42035081451814,3569.232678565906,None,4300.0
Anuradhapura,1.8479909241075951,OPV_Local,Loam,Tube well,1007.3831090371012,51.49693453123752,3526.8131233580893,High,3763.2389361936484
Anuradhapura,4.276110386535221,Hybrid_A,Clay,Canal,1249.2953540210829,78.81188392939902,2397.644667050152,Low,4229.9879635596735
Anuradhapura,0.3,Hybrid_A,Loam,Canal,762.6128084651224,69.85441216392135,2107.2886866837844,Medium,2982.130600143738
Anuradhapura,1.079235245101581,OPV_Local,Clay,Canal,1356.7826505484365,29.51439762833489,2935.2248054532506,Low,4244.482072394986
Anuradhapura,3.2942437689741424,Hybrid_A,Sandy,Rainfed,1531.8183974882195,73.41334345617442,3121.6261974759827,Low,4300.0
Anuradhapura,3.5302721490785913,OPV_Local,Loam,Tank,1071.6870308087407,80.98901753331589,3038.191181961239,None,4019.810349917379
Anuradhapura,0.8816211987209359,Hybrid_A,Clay,Tank,1298.3047958581124,82.21778691202576,2418.6864502663466,High,4109.9185752406365
Anuradhapura,4.240832426870531,Hybrid_A,Clay,Rainfed,1021.1256554174074,78.92903014081328,2730.0088515511843,Low,3788.385479326112
Anuradhapura,3.3044428621471855,OPV_Local,Sandy,Tube well,1207.3429726594193,56.597693370352516,3153.8449172631977,Low,4075.9479161891127
Anuradhapura,2.3192417941142836,Hybrid_B,Loam,Tube well,938.7056366358007,83.27144501257067,2945.226555716021,Low,3792.243672743708
Anuradhapura,1.32716519001432,Hybrid_A,Sandy,Tube well,1262.3423103608322,66.96620018675794,3132.7756653329793,Low,4300.0
Anuradhapura,1.2286560959479724,Hybrid_B,Sandy,Tube well,1294.4823144507611,65.37422580104487,2939.668786283493,Medium,4060.498242405667
Anuradhapura,2.4763935023941013,OPV_Local,Clay,Rainfed,663.1002658020477,35.14479328733526,3418.1990339950203,Medium,2867.9155115732533
Anuradhapura,2.49980345089687,Hybrid_B,Clay,Tank,1359.0980614990945,72.14050820469323,3212.5289478548916,Low,4300.0
Anuradhapura,2.509406750512313,Hybrid_A,Sandy,Tube well,898.0718985514254,77.13984010021865,3076.376416334308,Medium,3487.3504370218197
Anuradhapura,1.6706290827217216,Hybrid_A,Sandy,Rainfed,710.2642732643375,19.695715033029323,2968.0928633516864,Low,2733.5321587845165
Anuradhapura,3.0045156557518826,Hybrid_A,Loam,Tank,843.6028642313674,99.61427532497457,3317.768473204523,None,4143.796630845306
Anuradhapura,3.6410174141583855,Hybrid_A,Loam,Canal,1388.7186098783957,86.20312208512094,2804.3642138501637,Low,4300.0
Anuradhapura,1.8843102462504042,Hybrid_A,Clay,Tank,1005.2874954530802,77.81776332049898,2681.2504558034775,None,3868.9622161277184
Anuradhapura,2.3433564093804655,Hybrid_A,Clay,Tank,757.8546994454427,69.55725108306986,2779.602288618748,Medium,3556.347546431548
Anuradhapura,1.3165191027807819,OPV_Local,Loam,Tank,736.3543962779488,80.25907628203242,3417.3485736020575,Medium,3641.4738539688096
Anuradhapura,1.998105079161077,Hybrid_A,Sandy,Tank,927.3595171805673,53.77363832827467,3008.677025537697,Low,3747.9058338416003
Anuradhapura,3.6470145727650056,Hybrid_A,Loam,Tank,1109.158062692581,84.80478974311231,2048.8128023010327,Medium,3870.8582204919076
Anuradhapura,3.6636435013874373,Hybrid_A,Loam,Rainfed,1268.9639611583805,55.886901308049715,3404.883658565144,Low,4300.0
Anuradhapura,1.6004399593501808,Hybrid_B,Clay,Tank,982.1229351868917,52.644074476712674,2606.9231041684825,Medium,3647.9193155385074
Anuradhapura,1.9913473845866498,Hybrid_B,Loam,Rainfed,713.8591623865007,85.63160100664463,3022.5597809276924,None,3391.9729071028096
Anuradhapura,0.948360468055891,Hybrid_A,Sandy,Rainfed,520.1772839739106,83.35439884379164,2965.591414268405,Low,3018.7169205831074
Anuradhapura,3.6108934112652746,Hybrid_A,Sandy,Tank,1001.8396446927485,16.674654814162956,2154.760814135996,Medium,3111.009637636707
Anuradhapura,2.0440962876824993,Hybrid_B,Clay,Canal,1194.9694435634249,42.17489391298506,2976.2680943835344,Low,3942.3621833431653
Anuradhapura,2.3968457551070044,Hybrid_A,Sandy,Tank,1191.0367710292517,40.40913693311363,3194.685304300151,None,4145.51932583895
Anuradhapura,2.630744416444702,Hybrid_A,Clay,Tank,545.6782957258712,66.29923101372832,2934.583027556693,None,3119.675647543866
Anuradhapura,1.5597147503391366,Hybrid_A,Loam,Rainfed,1376.4344957697867,53.13499198420806,2713.1340275566463,Medium,4225.657109209305
Anuradhapura,2.3273069675927207,Hybrid_A,Sandy,Tank,890.7822664077436,99.09492219305176,2802.0216425223557,Low,3320.3349427503535
Anuradhapura,0.8872370589581406,Hybrid_B,Sandy,Tank,913.2557976545983,79.47158436022177,3335.2331452082094,None,3868.5674055181494
Anuradhapura,1.6291604558100867,Hybrid_A,Loam,Rainfed,1048.0983635513328,76.48937202559408,2191.1517890249693,Medium,3647.7134196791194
Anuradhapura,1.3272031406258593,Hybrid_A,Clay,Canal,1133.2553716215516,81.62938028455515,2992.841191505754,None,4270.799561196485
Anuradhapura,1.4678203817622473,Hybrid_A,Loam,Rainfed,1110.9582539204712,57.00533495154398,2694.8758091353616,Low,3805.273853436012
Anuradhapura,1.835299695718201,Hybrid_B,Loam,Rainfed,1094.7797977367034,40.60097266992925,2506.995885646935,None,3786.8289134873353
Anuradhapura,1.913551943666097,Hybrid_A,Sandy,Canal,1048.9315611826737,71.69433689524658,3063.2406038501126,Medium,3982.365444610812
Anuradhapura,0.4403632816311842,Hybrid_A,Loam,Tank,945.1778695205082,71.55533447662647,2660.2032148307194,Low,3867.4058750577665
Anuradhapura,0.3,Hybrid_A,Clay,Tank,666.4217408901328,84.30212624924759,3349.134439640011,None,3563.314872972829
Anuradhapura,2.427135763410879,Hybrid_B,Sandy,Canal,1133.9598612147186,92.68782601772637,1882.7823619048258,None,3768.9570958377753
Anuradhapura,0.6684249447168538,Hybrid_A,Sandy,Tube well,1379.4526324412882,91.55466394308431,3402.61756982673,None,4300.0
Anuradhapura,3.2538699456767457,Hybrid_A,Sandy,Tank,1047.6447952998853,21.4129986035707,2629.8562372599044,Low,3562.0197507297466
Anuradhapura,2.5554239078546725,Hybrid_A,Loam,Tank,1247.7660779018177,78.68830724835088,3247.787669834731,Low,4300.0
Anuradhapura,1.2473218687522478,Hybrid_A,Loam,Canal,1249.21368941078,79.7420934751782,2875.1962652618436,None,4300.0
Anuradhapura,1.5397761637127427,OPV_Local,Loam,Tube well,982.0815990991421,127.24035213243953,3035.1556434626464,Low,4152.580464340345
Anuradhapura,1.7872186852784804,Hybrid_A,Loam,Tank,866.0670352628731,36.07638992112846,3147.8393919476207,Low,3651.0935461899758
Anuradhapura,2.009013555967322,Hybrid_B,Loam,Rainfed,900.4687416959529,80.65040847507974,2999.438294652367,Low,3754.7219591990174
Anuradhapura,2.874954582595084,Hybrid_A,Sandy,Tank,1258.8629004593713,89.26314220763562,2561.6846753163186,Low,4300.0
Anuradhapura,2.3253976038345234,Hybrid_A,Loam,Canal,1132.1322866255362,38.403337638359645,3738.456418926155,None,4300.0
Anuradhapura,3.0926334289869013,Hybrid_A,Sandy,Tank,1108.091321610512,77.70814476049944,2465.3839043831103,Medium,3731.936542701146
Anuradhapura,1.6934453819010107,Hybrid_B,Clay,Rainfed,485.42574156393175,47.373555681677175,2494.782794950286,Medium,2328.499211608438
Anuradhapura,0.8907261482604643,Hybrid_B,Sandy,Tube well,994.2275613856827,96.12249313442453,3907.616729647818,Low,4288.298220427753
Anuradhapura,3.3826507241189034,Hybrid_A,Clay,Canal,794.6303552643953,72.7129236839929,2490.106290079471,Low,3379.740402372014
Anuradhapura,3.1081548862085615,Hybrid_A,Clay,Rainfed,626.6853893096414,54.59777261798624,2683.6306958463842,None,2940.1318207398344
Anuradhapura,4.094419430171561,Hybrid_A,Clay,Rainfed,714.3000500625633,58.29700974971697,2481.8401926435167,Low,3009.067077792684
Anuradhapura,2.600776292120413,Hybrid_A,Sandy,Canal,1272.2330617015298,69.81524361864444,3024.5438888528865,Low,4298.573538086151
Anuradhapura,3.501576644610447,Hybrid_B,Sandy,Tank,995.065310810107,74.2117250415814,2822.90838283836,High,3636.959083898189
Anuradhapura,0.34649873486987204,Hybrid_B,Loam,Rainfed,1237.4766638899514,59.441315967458664,3409.361628303912,Low,4206.502907258692
Anuradhapura,2.513690539646355,Hybrid_A,Clay,Rainfed,722.6401016972034,73.57869818448359,2752.6247044143934,None,3190.4079490163494
Anuradhapura,2.7518328188891594,Hybrid_B,Sandy,Tank,1162.927031691992,54.3638268250245,2533.8947537480017,Low,3871.0285317423827
Anuradhapura,1.9335106402402862,Hybrid_A,Clay,Tank,794.7612411188675,84.02344287672429,3055.4113590501192,Medium,3555.3347695841826
Anuradhapura,3.3751674432483556,Hybrid_A,Clay,Tank,1412.648118979262,72.59006972043964,2848.1984510477664,Low,4300.0
Anuradhapura,2.2209642465661767,Hybrid_B,Clay,Tank,1206.1859500038831,82.04268099276405,2516.431751904969,Medium,3879.6753225750085
Anuradhapura,3.034283159519902,Hybrid_A,Sandy,Rainfed,1414.7373673396467,91.65597433080461,2261.612699678974,None,4300.0
Anuradhapura,2.367815472196458,Hybrid_B,Loam,Rainfed,1163.7626092115565,54.955075526378394,2053.284914226422,Medium,3638.036797611909
Anuradhapura,1.636851635692438,OPV_Local,Loam,Tank,1249.0836078333382,86.7933081501105,2967.0490698464514,Low,4300.0
Anuradhapura,1.3465695161483069,Hybrid_A,Sandy,Tank,1415.6841967330886,23.85935538830263,2247.65432754804,Low,4172.596831875582
Anuradhapura,1.5341423708893163,OPV_Local,Loam,Rainfed,1274.4439424084417,60.99621667380697,2191.04536879042,Medium,3593.9990304786597
Anuradhapura,4.27475002715671,Hybrid_A,Clay,Canal,975.617855419113,85.04482754630108,2637.5697397341237,None,4025.5790347208435
Anuradhapura,1.234672505307708,Hybrid_A,Loam,Rainfed,962.4395141633208,57.59765878434585,3151.5721313401195,Medium,3603.4238872270575
Anuradhapura,2.439426381037106,OPV_Local,Clay,Canal,1370.2632887372617,127.63766982449988,2675.5414854385067,Low,4300.0
Anuradhapura,1.850788763225719,Hybrid_A,Sandy,Canal,1043.1768998713849,61.35830018804623,2395.096052023217,Low,3649.4865087311023
Anuradhapura,1.4437643600994845,Hybrid_A,Sandy,Tank,931.9502417598859,86.7084396849568,2602.4133708161808,Low,3764.5294643311477
Anuradhapura,1.6284220740019089,Hybrid_A,Loam,Rainfed,1349.702049019856,50.918383732796045,2797.965287708901,None,4064.409715189916
Anuradhapura,0.7647068071568239,Hybrid_A,Sandy,Tank,905.9101359700267,59.906669248836316,3381.4304084469522,High,3507.845911755912
Anuradhapura,2.4996928229269737,Hybrid_A,Loam,Canal,350.0,63.99603242958145,3438.020573556116,Medium,2664.9770077531743
Anuradhapura,2.455418070385487,Hybrid_B,Clay,Rainfed,1432.7496188519522,87.36208618678381,3786.6374243695755,Medium,4300.0
Anuradhapura,2.409430153085265,Hybrid_B,Sandy,Tank,1292.45211671274,67.82396825221359,2977.883704140676,None,4263.244951262074
Anuradhapura,0.8213782423204301,Hybrid_A,Sandy,Tank,524.5968287991531,67.4311893312613,2539.766240507608,Low,2847.8786442285123
Anuradhapura,3.2776764143447803,OPV_Local,Clay,Canal,786.1500995296918,109.70374749363364,3301.33058902313,Low,3736.8195932196227
Anuradhapura,1.7000363709898183,Hybrid_B,Clay,Tank,1010.0524371536128,86.28733529624253,2729.908921933828,Medium,3889.2887184985493
Anuradhapura,1.8046613876808637,Hybrid_B,Sandy,Tube well,885.6886460646934,69.29156022174091,3147.163946739214,None,3629.68925433365
Anuradhapura,2.867092019809021,Hybrid_A,Loam,Canal,1389.0828034114397,87.67886571560567,2873.9334159461578,Low,4300.0
Anuradhapura,1.8052729184739862,Hybrid_A,Loam,Tank,1270.7719174662238,46.42183601992581,2979.2311998771365,Low,4179.171314699411
Anuradhapura,2.0497630323461147,Hybrid_A,Clay,Tank,1224.4654030721858,66.85650061260759,3635.2456049892144,Low,4300.0
Anuradhapura,0.30451004099670564,Hybrid_B,Loam,Rainfed,504.04993637860446,44.74174115610729,2634.9177794806465,Low,2726.7479978186807
Anuradhapura,2.583869065856585,Hybrid_A,Loam,Tank,1140.3374483058983,21.805750721160983,3139.0963382321206,High,3846.793245607627
Anuradhapura,3.0401782895468807,Hybrid_A,Loam,Tank,1094.3510530321894,105.2517974947425,3156.611579648424,None,4300.0
Anuradhapura,2.4146476324130655,Hybrid_A,Loam,Rainfed,486.37499489456485,50.12275021244657,2363.952946159328,None,2544.158670154313
Anuradhapura,0.5136494876822066,Hybrid_A,Loam,Canal,1419.0629580187765,70.32785855539085,3014.6149425306585,Medium,4300.0
Anuradhapura,3.6799704953623076,Hybrid_B,Loam,Rainfed,1176.6311007494533,76.0784832833902,1688.0352014167863,Medium,3678.4082435776386
Anuradhapura,1.561383855458724,Hybrid_A,Sandy,Tank,1245.64134168633,40.2271329327901,2232.793665835345,Medium,3721.3298256549606
Anuradhapura,2.125488822386038,Hybrid_B,Loam,Canal,663.7159169714629,28.003823732476704,2709.6737142819406,Low,2923.7006218446754
Anuradhapura,3.6317764853465846,Hybrid_A,Loam,Tank,939.2571991268727,60.04064563698847,3065.3178757827573,None,3730.7289075216245
Anuradhapura,1.0086380599426614,Hybrid_A,Loam,Rainfed,1183.017299470374,60.53715092432452,2849.3732582959124,Low,4262.005852004287
Anuradhapura,1.5836645425194806,Hybrid_A,Sandy,Rainfed,937.8517408369489,51.56186921357927,2857.2100697909896,Low,3273.3796086572775
Anuradhapura,2.130623648791337,Hybrid_A,Sandy,Canal,774.7758050784428,88.49846255862126,2343.089147093682,Medium,3065.7279302505003
Anuradhapura,3.370883971889615,Hybrid_B,Loam,Rainfed,893.9582726123385,50.22637017725397,2510.703273484703,Medium,3205.8379470021737
Anuradhapura,1.1554351533054774,Hybrid_B,Loam,Tank,1135.3345398154984,42.21242513294902,2594.4502267196945,Medium,3753.3775199044426
Anuradhapura,2.3061521695392715,Hybrid_A,Loam,Tank,698.2225023672909,74.1591762411203,2513.1073819320236,None,3447.820798574498
Anuradhapura,2.1776440213587733,OPV_Local,Clay,Tank,926.1108665708913,95.17663297105977,2830.437021865635,Low,3589.1254832166414
Anuradhapura,1.225899137988286,Hybrid_B,Clay,Rainfed,823.1289196514264,123.3877626996015,3001.843126651492,None,3653.4836411567735
Anuradhapura,1.8871300749981605,Hybrid_B,Loam,Tube well,683.1040822944594,71.83671726225174,2545.582157861514,None,3347.7002757258347
Anuradhapura,0.7588839242207184,Hybrid_A,Sandy,Tank,1209.246724596291,48.59035509393171,3060.9948260853007,Low,4186.605278862741
Anuradhapura,2.48000197449886,Hybrid_A,Loam,Rainfed,1135.779583378039,85.04984753307455,2497.5785351919803,Medium,3856.8010034071813
Anuradhapura,0.5947129162011748,Hybrid_A,Sandy,Tank,946.6186589885671,38.79629037106419,2676.1393553607277,Low,3413.926821852797
Anuradhapura,3.1696654903426635,Hybrid_A,Loam,Tank,1052.565791709154,23.584179310748688,2316.371223306538,Medium,3383.0757318324745
Anuradhapura,0.4701138738377866,OPV_Local,Clay,Tank,857.661298539751,80.93850979301975,3050.4386985282013,None,3574.708759349798
Anuradhapura,3.6304945269845557,Hybrid_B,Sandy,Tank,814.4594029280593,83.43332157214697,3027.0173748799148,Medium,3371.807587676488
Anuradhapura,1.0616017827559232,Hybrid_A,Loam,Tank,992.283339607283,99.69621224471537,3279.5705663056433,Low,4199.83652427818
Anuradhapura,2.1605703137832815,Hybrid_A,Loam,Tube well,1074.605192547296,81.03648897228965,2649.0111167621376,Medium,3947.2528751278073
Anuradhapura,2.0579871282153372,Hybrid_A,Loam,Canal,1000.2977581705204,80.56593026916654,3088.6360155106004,Medium,4065.41226448994
Anuradhapura,0.8716073107626452,Hybrid_B,Sandy,Tank,978.0876115326852,72.88477532714373,3268.1613600442515,Low,3947.150382991057
Anuradhapura,1.9633080020600029,Hybrid_B,Sandy,Tank,1153.1424947251837,61.00050765870154,2244.098521610032,Low,3702.1695383827937
Anuradhapura,2.8422366253866818,Hybrid_A,Loam,Rainfed,1121.3694693705102,82.11605691270876,2609.7981125448305,Low,3948.3588145670915
Anuradhapura,1.957500956756499,OPV_Local,Sandy,Rainfed,1125.6621052269713,50.76580376316387,2662.4082942317536,Low,3652.0608753250353
Anuradhapura,0.3,Hybrid_A,Clay,Tank,1377.3847596376243,80.5987795996202,2460.548809185258,Low,4300.0
Anuradhapura,3.056395796364426,Hybrid_A,Clay,Rainfed,1460.7687150008746,60.408206246958265,3056.4035245500772,Low,4300.0
Anuradhapura,1.2156621416690738,Hybrid_A,Loam,Tank,1080.5018597565308,69.76202665329919,2920.169001016111,Medium,4074.0673482851175
Anuradhapura,3.853396773443306,OPV_Local,Loam,Rainfed,857.2941595412296,76.76294735180022,3162.6096292665047,Low,3575.8848437712245
Anuradhapura,2.4745062343279716,Hybrid_A,Clay,Rainfed,788.5773819931951,66.78291617726775,3042.058761385901,Medium,3158.0604951729947
Anuradhapura,1.076759630202956,Hybrid_A,Sandy,Rainfed,1299.0388325806525,73.73984434302878,3191.957980585153,Low,4239.560004714079
Anuradhapura,2.680158368265049,Hybrid_A,Clay,Tank,1139.7417968191899,69.35559662055802,2706.9733680832232,None,3855.8790457539976
Anuradhapura,0.48488673826214024,Hybrid_B,Loam,Rainfed,858.1677249329804,109.81083056197815,2486.430372969967,Low,3541.6200358286465
Anuradhapura,2.337956329838246,Hybrid_B,Loam,Tank,1019.8039207647432,60.63911404777103,2755.8643191494284,Medium,3625.6658304572334
Anuradhapura,2.3982834462765545,Hybrid_B,Loam,Tank,723.9570083683951,63.307906655434124,2907.9069673497947,Low,3431.5974702762114
Anuradhapura,0.8315434294049879,Hybrid_A,Loam,Canal,1091.950444307901,71.07141784284165,2866.2834284851074,Low,4059.524464378032
Anuradhapura,1.4652591544077764,Hybrid_B,Loam,Tank,1009.8345330593819,76.37944948784234,2715.8578164668206,Medium,3910.1426770931557
Anuradhapura,2.3578680693508387,Hybrid_A,Clay,Canal,1090.68605804101,70.77346879903598,2266.4607193083752,Low,3643.5703671154215
Anuradhapura,1.195442799835627,Hybrid_A,Loam,Rainfed,1008.8561776546089,79.21694887772239,3630.3561733719434,Low,4300.0
Anuradhapura,2.7516243254824917,Hybrid_A,Sandy,Canal,1143.1849112907116,50.70467867748056,3121.6052969980474,Medium,3816.012745623191
Anuradhapura,1.6769089539367463,Hybrid_B,Loam,Rainfed,839.744503278216,64.98949129241628,2454.8291609244766,Medium,3166.451547101991
Anuradhapura,1.6295686770864928,OPV_Local,Clay,Tank,1393.1820141131054,107.35621306749758,2890.60261372987,Medium,4300.0
Anuradhapura,3.350648867956255,Hybrid_B,Loam,Canal,1373.5958649243132,89.96739263876704,2882.1729170369945,Medium,4300.0
Anuradhapura,2.4343888778564216,Hybrid_A,Loam,Tank,601.3453034322094,75.55161124676647,2391.2308650207588,Low,3069.934468465936
Anuradhapura,3.1735102299944664,Hybrid_B,Clay,Rainfed,1382.7530991598474,106.89512929095596,2283.283655313302,None,4300.0
Anuradhapura,1.0054811035688922,Hybrid_A,Loam,Rainfed,1213.8223524424316,72.9334075964599,2216.381169696607,Medium,3730.658484157946
Anuradhapura,2.5829231995496444,Hybrid_A,Sandy,Tube well,791.981054344309,57.58006971683753,3354.865793574587,Low,3498.49464247094
Anuradhapura,1.716033761996924,OPV_Local,Sandy,Rainfed,1309.6240857663981,71.31458476484717,2932.2360108290186,Low,4151.564245510006
Anuradhapura,1.368644121398101,Hybrid_A,Loam,Tube well,568.3102156056359,97.7521376877537,3844.520397062092,Medium,3561.892545265196
Anuradhapura,1.9149129061598704,Hybrid_A,Sandy,Tube well,1128.8947963818646,74.70379346670339,2434.450036063491,Low,3802.021617379126
Anuradhapura,2.82904659226112,OPV_Local,Sandy,Tube well,796.2966292239295,57.05591744763892,2973.7423713850926,Medium,3228.266970414166
Anuradhapura,2.1008854412278026,Hybrid_B,Loam,Tank,1075.4101795265901,86.9431732458657,2085.804183649422,Low,3816.2415849076638
Anuradhapura,2.4632469970257773,Hybrid_B,Loam,Tank,1235.5964036659016,52.652200925339024,2587.149322995249,Low,4114.305510353609
Anuradhapura,1.5518194679940418,Hybrid_A,Sandy,Canal,600.4739792525592,84.46577724923367,2694.239254371962,None,3070.6974993677295
Anuradhapura,0.8916006757225536,Hybrid_B,Sandy,Canal,1543.9812812238072,93.5588671540746,3178.813282452989,None,4300.0
Anuradhapura,3.529918516392786,Hybrid_A,Loam,Rainfed,854.8952439757412,34.298366353289886,2812.962118498614,Low,3293.839216314613
Anuradhapura,1.5644157842189172,Hybrid_A,Loam,Rainfed,1310.5478900701353,71.2338347469102,2883.58285155639,Low,4300.0
Anuradhapura,1.8877582601991412,Hybrid_A,Clay,Canal,1291.746408356643,95.78916256979804,2807.5684200871324,None,4300.0
Anuradhapura,0.5315323100783376,Hybrid_A,Clay,Tank,912.4191377023765,27.581242294431995,3435.7707127998447,High,3339.2657926151865
Anuradhapura,2.756790814797421,Hybrid_A,Loam,Tank,1134.5277998813876,77.07252337676694,3308.3436262548385,Low,4300.0
Anuradhapura,1.4146503051127286,Hybrid_A,Sandy,Tank,947.8261726079712,70.49129886677392,2967.24603200263,Low,3571.5569930206893
Anuradhapura,2.655815992288324,Hybrid_A,Sandy,Tank,902.5110710836568,32.34777055572892,3266.7631474417335,None,3483.1604161049017
Anuradhapura,3.615658496690009,Hybrid_B,Loam,Tank,1054.9467485398482,69.61276597198447,2724.2102911231777,Low,3910.6496864710684
Anuradhapura,2.7896595884544286,Hybrid_A,Sandy,Canal,785.9294897850375,81.14272446773627,3177.250870609298,Low,3655.5070366431237
Anuradhapura,2.840723821322854,Hybrid_B,Loam,Tube well,1414.1845172672047,68.37135062705853,3674.988299979018,Low,4300.0
Anuradhapura,1.7102980522838724,Hybrid_B,Clay,Tank,1235.8160921721744,77.14330269692088,2909.622023355819,None,4188.8083553635215
Anuradhapura,3.091235207316706,Hybrid_A,Clay,Rainfed,1581.9728131263541,104.73483464821663,2757.015950383566,Low,4300.0
Anuradhapura,3.730927782295467,Hybrid_A,Sandy,Tube well,1312.5991338529868,80.678016267953,1776.2204431735677,None,3935.5283236273744
Anuradhapura,0.3,OPV_Local,Loam,Tube well,883.0701335730098,79.80448270726146,2989.480043238814,None,3489.2999872121327
Anuradhapura,3.6669351194670163,Hybrid_B,Loam,Tank,1100.4018935615459,38.20025965968901,2257.6785702436728,High,3371.656419530968
Anuradhapura,1.934194566894842,OPV_Local,Clay,Rainfed,1183.4269381067988,63.089921196996656,3176.8978343624885,Low,3777.7766446264873
Anuradhapura,0.3,Hybrid_A,Loam,Tank,707.2379210606684,44.63124073264916,2255.9093441045507,Low,2930.343074230836
Anuradhapura,2.459836715646964,Hybrid_A,Loam,Rainfed,1008.7598661038081,87.42532224574552,2616.4778517278737,None,3827.11237152154
Anuradhapura,2.5822205665545166,Hybrid_A,Clay,Tank,1155.3537798641466,54.5747156281131,2960.3959823984173,None,4300.0
Anuradhapura,1.2530408108647282,OPV_Local,Sandy,Rainfed,648.0951076933375,60.04493735079688,3091.002824535289,Medium,2833.246782724105
Anuradhapura,3.211883335132116,Hybrid_B,Loam,Canal,837.3546551521163,29.536810880470412,3742.105416810223,Low,3548.008843471748
Anuradhapura,3.491854479153284,Hybrid_A,Sandy,Tube well,1057.3211456353424,62.15860334844827,2179.422116601877,Medium,3479.4884249829174
Anuradhapura,2.9511578104203897,Hybrid_A,Loam,Tube well,666.6991291668494,74.19540913789753,2771.3474872214138,Medium,3397.4075633644434
Anuradhapura,2.863402233195143,Hybrid_A,Clay,Tank,1064.119346134693,77.90251572242903,2363.272104372538,Low,3841.0803466286784
Anuradhapura,2.751997350072255,Hybrid_A,Loam,Tank,1071.123467239693,55.699943221883885,2890.8349622260257,Low,3995.628606978093
Anuradhapura,2.2011044066349097,Hybrid_A,Clay,Tube well,689.6671186296533,41.44171411888253,3371.9751617955035,Medium,3173.656932681056
Anuradhapura,1.2032980462416676,Hybrid_A,Sandy,Canal,1373.861495943555,84.51382168960538,2920.505061942838,Medium,4300.0
Anuradhapura,1.4912012014865597,Hybrid_B,Loam,Rainfed,1390.3896193952387,54.173081791570965,2901.8056981941836,Low,4199.027700860678
Anuradhapura,2.8303895821648872,Hybrid_B,Clay,Tank,1031.2923682072922,99.7753419580728,3016.9243856119137,Medium,3916.608511382839
Anuradhapura,0.801627931810031,Hybrid_A,Sandy,Rainfed,896.0556565568857,56.75261331094695,3049.8480268657413,Low,3593.7851797631174
Anuradhapura,0.4239291722847389,Hybrid_A,Clay,Tank,1279.9357247655064,50.86741221195672,3292.682609454203,Medium,4269.822270556617
Anuradhapura,1.776444090099933,Hybrid_A,Loam,Rainfed,1083.0199579976154,17.25313644568527,2581.715036282938,Medium,3233.281326443132
Anuradhapura,2.3042831608176653,OPV_Local,Loam,Rainfed,1094.0800191847873,77.60523105274451,3109.827117542188,Low,4050.274493006441
Anuradhapura,1.9298818760405614,Hybrid_A,Sandy,Rainfed,1254.3514628188218,55.28072899627884,3099.87271006356,Low,4226.103098242799
Anuradhapura,0.4772535272339684,Hybrid_A,Loam,Canal,1182.899315628971,66.5148428372992,2446.118279246616,Low,4099.330791341115
Anuradhapura,1.1976234437619855,Hybrid_B,Loam,Tube well,705.6599150531703,63.53894753816469,3534.653197355907,Medium,3345.7789144797134
Anuradhapura,2.762580769914877,Hybrid_B,Clay,Tank,1613.267823664523,51.156956943372705,2507.41778587866,Medium,4300.0
Anuradhapura,0.9307270938435879,Hybrid_B,Loam,Tank,929.348260363426,59.39556440126688,2937.525077826315,Low,3702.949589217156
Anuradhapura,2.2427661442400444,Hybrid_B,Loam,Rainfed,878.4211042762026,97.23455414835718,2829.7849076487946,Medium,3585.0958574919787
Anuradhapura,1.1802847208209484,Hybrid_B,Clay,Tube well,1213.1373446902917,78.51698210709819,3139.333373859775,Low,4300.0
Anuradhapura,1.6172395908033286,Hybrid_A,Clay,Rainfed,724.4069502548192,98.88973531600965,3410.0121536230986,Medium,3724.751385677105
Anuradhapura,1.8429312241511038,Hybrid_A,Sandy,Canal,925.6437282030963,56.24255123882754,2079.1104064342644,Low,3266.201070838596
Anuradhapura,1.1556862780714194,Hybrid_A,Loam,Tank,905.828597048427,62.97940202664613,3246.4439702338186,None,3741.527244423587
Anuradhapura,2.659150755671034,Hybrid_B,Loam,Tube well,958.3997403439215,92.79110710768718,3456.5468393484252,Medium,4154.34049553584
Anuradhapura,1.1704512657062391,Hybrid_B,Clay,Tank,718.403725845917,40.00851838717761,1757.430917515945,Medium,2566.5177604737814
Anuradhapura,2.5498461998809576,Hybrid_A,Clay,Rainfed,1486.6897782853239,98.74154901021666,3393.3600459725294,Low,4300.0
Anuradhapura,2.1289914076239094,Hybrid_A,Sandy,Rainfed,1183.0112081291525,78.96605413610365,2389.64198228169,Low,3777.1583406081045
Anuradhapura,1.5073370933358328,Hybrid_B,Clay,Tank,1082.1516373042157,65.1300676043536,3232.9185249333536,Low,4110.497427324926
Anuradhapura,1.565195374179697,Hybrid_A,Clay,Rainfed,809.1399034969791,38.841382410836346,3038.4997220001806,Low,3279.5673833880296
Anuradhapura,2.678303301375403,Hybrid_B,Clay,Canal,948.7148134703906,76.70761671925122,2396.7003205070996,Low,3448.2042318981335
Anuradhapura,3.2723577997500044,Hybrid_A,Sandy,Tank,1025.2133743098295,53.57655860694644,2752.0652577444903,High,3234.492281752271
Anuradhapura,2.3541056023519773,Hybrid_B,Sandy,Tank,903.4120568248203,40.337816398518584,2525.902194046219,Low,3281.180674133304
Anuradhapura,2.1561394407872503,Hybrid_B,Sandy,Rainfed,1119.6143934885615,64.05587628852086,2525.868594970881,None,3770.577925008974
Anuradhapura,1.0871295197383124,Hybrid_B,Loam,Tube well,988.9721214250853,78.59679338009995,3698.5879001494845,Low,4155.167270583285
Anuradhapura,1.481851358370816,Hybrid_B,Loam,Tube well,1274.4933371955253,50.66243096194107,2787.687883671904,None,4234.66717629313
Anuradhapura,1.3433873122787596,Hybrid_A,Loam,Tube well,1400.020702060432,37.42073779189582,2013.188522217191,None,4247.39633382254
Anuradhapura,2.6624524343735887,Hybrid_A,Clay,Rainfed,818.9475268274831,39.92016297284259,2578.748219085708,Low,3163.475338296521
Anuradhapura,2.5429480639571227,Hybrid_A,Loam,Canal,666.134401358054,11.093657886759672,3509.730518114342,Medium,3022.3751003497855
Anuradhapura,1.4775833554527567,Hybrid_A,Sandy,Rainfed,741.3151083270806,25.970746174434588,3090.1267564769723,Low,2913.276498087342
Anuradhapura,1.5477564388426563,Hybrid_A,Loam,Tank,1150.1176271415275,85.15650237992672,4057.238424610968,None,4300.0
Anuradhapura,2.6750553857408574,Hybrid_A,Loam,Rainfed,720.9381854532835,54.90903563901612,2872.2173436239577,Medium,3072.014330414744
Anuradhapura,1.1845491289239547,Hybrid_A,Loam,Rainfed,737.981128101162,48.38251622430306,2043.2835458807374,None,2796.399150673234
Anuradhapura,0.8876643843528451,OPV_Local,Loam,Rainfed,1014.0912097430139,64.85921520973287,3430.134503504174,Low,3930.8529756756875
Anuradhapura,0.3,Hybrid_B,Sandy,Rainfed,1044.6560901642936,63.75296950856539,3240.736896236808,Medium,3771.8783520914712
Anuradhapura,2.0991190612440245,Hybrid_B,Sandy,Tube well,1454.9125447597914,71.60682476540754,3469.2206230121656,None,4300.0
Anuradhapura,1.131943925375713,Hybrid_A,Sandy,Rainfed,985.2976502080656,53.068680523449444,3214.4556412486763,Low,3583.005319951423
Anuradhapura,2.5664965091335463,Hybrid_B,Loam,Tank,904.5362325326404,36.880546816514276,2755.5566063913197,None,3501.8933959488636
Anuradhapura,2.702641861727837,Hybrid_A,Loam,Tube well,917.3515906159897,93.93351680170856,2722.1971654370545,Low,3796.7864741426624
Anuradhapura,1.7489070501199513,Hybrid_A,Sandy,Tank,970.4492981174869,58.13930053072247,2589.7271061314677,Low,3565.359351450682
Anuradhapura,1.6700326643826033,Hybrid_A,Sandy,Canal,1113.573293359683,106.97694288567044,2072.0605475382954,None,4109.237290912051
Anuradhapura,0.7797999578469383,Hybrid_B,Sandy,Tank,1031.762894499043,81.1561576263226,3435.580468863374,High,3892.907503137869
Anuradhapura,1.3184435064723843,OPV_Local,Loam,Tube well,1017.7930552707098,70.27953369433024,2632.079622492331,High,3421.395280440871
Anuradhapura,1.2047842977602068,Hybrid_A,Loam,Rainfed,923.9594195256984,55.37147064102199,2629.9470310706292,Low,3512.741219560592
Anuradhapura,0.3,Hybrid_B,Sandy,Canal,1174.7413749785885,78.9867659214081,2367.145691439875,Medium,3961.998151901472
Anuradhapura,1.0278133229543522,Hybrid_A,Loam,Tank,942.2928431700057,75.21304963671513,2591.3830898688807,Low,3737.303406033424
Anuradhapura,1.6291453611689837,Hybrid_B,Clay,Rainfed,1129.5254861318394,62.96731823175984,2737.135502184601,High,3719.2822758121506
Anuradhapura,3.8388588976744513,Hybrid_A,Clay,Tank,1079.9340255795432,66.71186817742365,2483.6736130851264,Low,3815.637416180179
Anuradhapura,3.38375477006413,Hybrid_A,Sandy,Tube well,902.9437288040045,94.97372995560394,2644.4682181133235,Low,3773.9284784066426
Anuradhapura,1.2898042961955118,Hybrid_B,Clay,Rainfed,974.1288383715513,71.4606227023313,2984.748758208964,Low,3638.929680189031
Anuradhapura,2.8731890744649267,Hybrid_A,Sandy,Rainfed,1404.547907402177,76.8394258764846,2470.308293842282,None,4300.0
Anuradhapura,2.669068471525741,Hybrid_A,Sandy,Rainfed,918.705113169673,104.47829691393426,2546.874439963795,Low,3529.7468384455565
Anuradhapura,1.9759945546009063,Hybrid_B,Loam,Tank,552.5931739315906,62.11404732421421,1571.678122520504,Low,2519.5810097623616
Anuradhapura,1.9181213984682213,Hybrid_A,Loam,Tank,438.81962657063383,67.5330331217514,2302.164385804583,Low,2679.7011110477542
Anuradhapura,1.7307149352807307,Hybrid_A,Loam,Tank,1298.3610866071183,43.87999838115148,2504.7384545568393,High,4192.237805897202
Anuradhapura,2.0897874107433396,Hybrid_B,Clay,Rainfed,922.241062794728,58.34871092634956,2590.1866662596176,Low,3343.1155925856333
Anuradhapura,2.877233804902179,OPV_Local,Clay,Tube well,1124.5251751038832,62.97199571281835,3286.4898736418186,High,3841.167634610539
Anuradhapura,2.593449919580482,Hybrid_A,Clay,Tank,432.82263035475853,83.59158175420049,3415.5171332305517,High,2795.0644810836147
Anuradhapura,1.8270517888569517,Hybrid_A,Loam,Tube well,1091.5307621443037,107.16506548843063,2591.0796204522353,Medium,3912.3702301234057
Anuradhapura,2.166529143768519,Hybrid_B,Clay,Rainfed,993.0033621018904,81.61876585388518,3083.7241708731017,Medium,3596.189419722569
Anuradhapura,1.1581038194502051,Hybrid_B,Sandy,Tank,1374.1790719686041,96.54571498402889,2204.242995635674,Medium,4259.4549970741
Anuradhapura,2.6284294014074954,OPV_Local,Sandy,Rainfed,777.7671811983582,70.24085325577458,2415.2977372037185,Medium,2845.3053502617768
Anuradhapura,2.1828488291308936,OPV_Local,Loam,Tank,1045.262114367661,71.34571484185041,2240.3786297984534,Medium,3406.4308611614006
Anuradhapura,4.240783654789128,Hybrid_A,Clay,Tank,934.4892149087221,108.13270899084492,3181.0746597396483,Medium,4025.303350920175
Anuradhapura,0.8828650471542328,Hybrid_A,Clay,Tube well,983.9161692407658,97.9934244219651,2911.3104581453413,Low,4011.449361230001
Anuradhapura,1.1856371086132245,OPV_Local,Loam,Canal,775.2325076763956,72.33372146429157,2894.221582161617,Medium,3176.1684585743133
Anuradhapura,0.8055876942836802,OPV_Local,Loam,Tank,781.826362283454,86.09018848072297,3202.370303642587,Low,3568.187762173612
Anuradhapura,2.794890395026048,Hybrid_A,Sandy,Tube well,1242.569574130571,34.36894572493264,2624.2624153508395,High,3668.678133313827
Anuradhapura,0.792928444304696,Hybrid_A,Clay,Tank,417.6870119660191,76.26343540687509,2753.8735884901516,None,2637.792247870207
Anuradhapura,3.5560397444417395,Hybrid_B,Clay,Tube well,844.8199270961964,53.40251279890826,3098.177545553503,Low,3673.915409167583
Anuradhapura,1.7837910338461982,Hybrid_A,Clay,Rainfed,1200.4088113246157,45.816934452145794,3144.86990617864,Medium,3985.7067239663997
Anuradhapura,0.431342960973111,OPV_Local,Loam,Rainfed,1487.2096283296687,87.31300041008336,2276.9930324740976,High,4217.934049732326
Anuradhapura,3.7572569673451213,Hybrid_B,Sandy,Canal,840.9531986270305,82.16525693965582,2238.1544464150265,Low,3217.387752558624
Anuradhapura,2.921165810519801,Hybrid_A,Clay,Rainfed,1074.211914200771,98.12426067345025,3163.8754612279786,None,4029.982472922763
Anuradhapura,2.1046148103767197,Hybrid_B,Sandy,Tank,807.4433086601963,78.09434839640252,3041.727555084276,None,3709.5894272940404
Anuradhapura,0.3,Hybrid_B,Clay,Tube well,1207.7168242981156,72.07533337135038,2850.202099257608,Low,4267.374418593823
Anuradhapura,2.1106220317444353,Hybrid_A,Sandy,Rainfed,1445.4071229619885,83.56902887316329,2961.056541210218,High,4287.115450043531
Anuradhapura,0.3,Hybrid_B,Loam,Tank,865.4961659463046,45.63850613811337,2341.364141516013,Low,3336.3975280733753
Anuradhapura,3.0324361978652448,Hybrid_A,Clay,Rainfed,1283.0559782538955,56.01036935497957,3110.530573290926,High,3839.43786616157
Anuradhapura,1.1291747849011684,Hybrid_A,Clay,Canal,1219.843557185703,91.08874758180815,2939.0653525967437,Medium,4178.894155132733
Anuradhapura,2.1956472144641332,Hybrid_B,Sandy,Rainfed,903.4106125223484,82.58390402263905,2463.052111450691,High,3131.88801953184
Anuradhapura,3.1190211784410318,Hybrid_B,Loam,Tube well,789.9711312999424,103.47927652443732,2813.203059702762,Medium,3499.840030628431
Anuradhapura,3.2497863585732807,Hybrid_B,Sandy,Tube well,883.5217813716572,98.02264325079156,3590.013905073151,Medium,3767.9327052878084
Anuradhapura,1.4437546268520425,Hybrid_B,Loam,Tube well,831.9562673970186,87.24100287880007,2823.166224792192,Low,3529.960553010198
Anuradhapura,0.3,Hybrid_B,Loam,Tank,929.9069500403141,70.57488106940397,2730.1178324800876,Medium,3561.441058077167
Anuradhapura,2.7573335980295797,Hybrid_A,Clay,Rainfed,1154.480652983943,103.62038715811262,3015.905379536139,Medium,4259.148836681074
Anuradhapura,0.3,Hybrid_B,Loam,Tank,1156.1296996588128,46.75231095263956,2810.741211493478,Medium,3722.1876890203353
Anuradhapura,1.431007163107373,Hybrid_B,Loam,Tank,1158.788127568209,69.05896171689359,2974.5370913473475,Low,4145.127486608437
Anuradhapura,3.4125880183362707,OPV_Local,Loam,Rainfed,608.8833815109195,72.95652372134857,1640.3356712097814,Low,2387.684855010338
Anuradhapura,2.6979357869863723,Hybrid_B,Loam,Rainfed,747.784171689009,99.01342132855578,2909.023338491498,Low,3622.3132849007616
Anuradhapura,0.5167943673674498,Hybrid_A,Sandy,Canal,668.7066124436504,73.08597908756722,2781.6482926197355,Low,3106.016519829436
Anuradhapura,1.2924647257019934,Hybrid_A,Loam,Tank,953.9327397110117,88.30528473126436,3537.365800730158,Medium,4189.611677004605
Anuradhapura,2.2158756732152356,Hybrid_A,Clay,Canal,998.3162941408317,81.79090235229148,2890.0546987445405,None,3725.8636323603628
Anuradhapura,1.8075544068334883,Hybrid_A,Loam,Tank,1083.2274161894686,64.70406531224089,2105.5210008077584,Low,3721.137810100288
Anuradhapura,1.149784094017513,Hybrid_A,Loam,Canal,979.8557985063073,109.72240915575574,3505.461912817749,Medium,4300.0
Anuradhapura,4.240080006861022,OPV_Local,Loam,Tank,1351.4210191933046,49.99347599451575,3409.173610593162,Low,4300.0
Anuradhapura,2.9688669918346804,Hybrid_A,Clay,Tank,964.0615914693575,38.33487216596741,3186.666375081753,Low,3717.3847583569463
Anuradhapura,2.04062012605276,Hybrid_B,Loam,Rainfed,1315.4377781631797,74.00138211525916,2656.1742750798244,Low,4269.498425171087
Anuradhapura,2.9876980317615542,Hybrid_B,Clay,Tank,1006.0201250112467,59.837951331605474,3092.5617643990263,Low,3634.507240475419
Anuradhapura,2.0690109465308906,Hybrid_A,Loam,Tank,1054.5922073630807,76.76616419002585,2501.420230388736,Low,3979.699413251426
Anuradhapura,2.1525405613626294,Hybrid_A,Loam,Rainfed,1028.5931172473784,48.68283478310193,2927.7357707965743,Medium,3638.7012356429586
Anuradhapura,2.017444010682211,Hybrid_A,Loam,Tank,731.3741405625138,77.61378166864286,2251.599883685474,Medium,3105.67606408611
Anuradhapura,0.8240255699709358,Hybrid_A,Clay,Rainfed,1175.365381309574,104.68703908060746,2494.494604470768,Low,4098.594447054467
Anuradhapura,2.127806992054889,OPV_Local,Clay,Tube well,1342.7979202978531,59.87588492424666,3013.3773525534434,Medium,4284.699536870421
Anuradhapura,2.8520830211130916,Hybrid_A,Sandy,Tank,982.6610294115218,82.52367281493241,3025.251961213941,Low,3885.882027083831
Anuradhapura,3.3807641816071126,Hybrid_B,Loam,Tank,683.5184887519387,80.6322612747073,3039.7448854541626,Low,3301.026076278673
Anuradhapura,3.1457584984893137,Hybrid_A,Clay,Tank,1092.6372205906596,37.7619774316662,3641.1422471351257,Low,4214.824962942493
Anuradhapura,2.5451317174950563,Hybrid_B,Clay,Canal,1026.1260787557947,39.9758230926646,3220.5908957768406,Medium,3502.5898582782183
Anuradhapura,1.2106157772611303,Hybrid_A,Loam,Tube well,1091.8120710939697,57.913565553101094,2509.405560056498,Low,3862.7159564293684
Anuradhapura,1.6936466404623918,Hybrid_B,Clay,Tube well,683.2281339872558,108.06094321006975,2212.784811731563,High,3024.4724849320105
Anuradhapura,2.5717374006523044,OPV_Local,Loam,Canal,1029.6476709638882,64.60405183763112,3153.602802640303,None,3825.9275993938745
Anuradhapura,0.3,Hybrid_A,Loam,Rainfed,841.9577893118608,100.2834985142507,2904.4481358131848,Low,3668.872873637003
Anuradhapura,0.4605989728159785,Hybrid_A,Clay,Tank,1325.3724644519007,77.65846368701158,2831.0391666967244,Low,4300.0
Anuradhapura,0.8313368665573877,Hybrid_A,Sandy,Tube well,1375.9344583685759,97.94692189057702,2940.1169908139073,Medium,4300.0
Anuradhapura,1.5347464220332392,Hybrid_A,Loam,Tank,1368.4935663177375,58.59950983622188,2801.040618847285,Medium,4300.0
Anuradhapura,1.6819188859071736,Hybrid_A,Sandy,Tank,793.7038203516222,78.47756511865894,2858.743972741453,Low,3688.2276786743246
Anuradhapura,1.7174433356085177,Hybrid_B,Loam,Tank,820.9690725345692,30.285158411218518,2867.2733802120956,Medium,3160.33177671801
Anuradhapura,2.9477528342729227,Hybrid_B,Clay,Rainfed,1228.3386593207088,82.8315688231102,2332.5312436960885,Medium,3757.2562461565476
Anuradhapura,1.8855354645729843,Hybrid_B,Sandy,Canal,923.9988442160568,67.00987904999042,3027.4422607826855,None,3700.904462329858
Anuradhapura,1.9699371857228487,Hybrid_A,Clay,Tank,922.3383154583752,95.85219348558097,2760.203590921682,Low,3789.1920633842674
Anuradhapura,2.1789971304616365,Hybrid_B,Loam,Rainfed,1140.2823062142334,37.92052859013252,2572.9360914469585,None,3902.39254973642
Anuradhapura,2.7242005036309584,Hybrid_A,Loam,Rainfed,1414.6380035961315,103.7773417660473,2457.3012889218453,Low,4300.0
Anuradhapura,4.421710724245255,OPV_Local,Loam,Canal,470.2050732106902,54.99607894414176,2771.222177624561,High,2484.756805737941
Anuradhapura,1.3634643165818097,Hybrid_B,Sandy,Tank,1034.0400227064213,69.2829323950899,2627.888768253525,Low,3671.4261120075694
Anuradhapura,0.3,Hybrid_A,Clay,Rainfed,791.0768514528468,46.08555157825866,1817.9014109273514,Medium,2650.617821896624
Anuradhapura,2.497294020846655,Hybrid_A,Sandy,Rainfed,1058.7286599798454,63.33896000723816,3097.4053725851927,None,3714.4811929018633
Anuradhapura,1.9835525905113902,Hybrid_A,Loam,Rainfed,1088.6142873556032,83.94001558361902,2046.4273786788026,High,3533.237686900749
Anuradhapura,0.43133592983843805,Hybrid_A,Sandy,Tank,1037.1717530689739,82.74564554187961,2458.0332581560506,None,3814.9992765104603
Anuradhapura,2.553369198495652,Hybrid_A,Sandy,Canal,592.4004206271911,69.3772009546167,2420.503052024287,Medium,2751.1834123853637
Anuradhapura,0.8692046683569774,Hybrid_A,Loam,Tank,780.134041862365,79.95464298992071,3229.58744071491,Low,3746.4070194289284
Anuradhapura,2.5288426048672594,Hybrid_B,Loam,Canal,1396.8840831575571,51.75170983923367,3248.9870272129674,High,4300.0
Anuradhapura,2.890057653307971,Hybrid_A,Clay,Tank,969.9279955953534,49.13049345693431,3168.0104649454256,Medium,3696.137283498082
Anuradhapura,0.3,Hybrid_B,Sandy,Rainfed,1118.861428943159,105.14914895040715,2879.563621057589,Low,4025.0282112473687
Anuradhapura,2.344579414547636,OPV_Local,Clay,Tank,909.9918103611602,63.08916282763957,2158.246326848019,Low,3062.4444500313084
Anuradhapura,0.3,Hybrid_B,Loam,Tank,1002.4358511613259,37.63440557935472,3104.5134535876414,Medium,3746.923602578833
Anuradhapura,1.23428769227168,Hybrid_A,Loam,Canal,1572.2636888098345,85.56240480943858,2863.7008490958588,Medium,4300.0
Anuradhapura,2.5773485086637686,Hybrid_B,Clay,Canal,862.1660679280226,63.18997833509221,2956.9758693416898,Low,3604.8382239706057
Anuradhapura,2.0714383337583144,Hybrid_B,Loam,Tube well,814.4511200438129,66.87233515684593,3455.259435367172,None,3726.0055993831306
Anuradhapura,2.7687771616119203,Hybrid_A,Sandy,Rainfed,485.8316656898402,84.6846535695409,2856.108741420541,None,2840.3984815971367
Anuradhapura,0.714240243776312,Hybrid_A,Loam,Tank,932.6079509519016,27.177284533679583,2980.694632542746,Medium,3240.2836863264515
Anuradhapura,0.6702178320289107,Hybrid_B,Sandy,Canal,1068.5398337613467,64.97243864386785,3321.632460677285,Low,3884.367701659917
Anuradhapura,2.3597163452604986,OPV_Local,Loam,Canal,926.710994786654,71.2302545403108,2079.6630641825263,None,3603.012844503625
Anuradhapura,0.987191308554902,Hybrid_A,Loam,Tube well,881.051164949474,66.72900409391619,3064.318346994854,Medium,3615.8068360135594
Anuradhapura,0.6545323569891635,Hybrid_A,Loam,Tank,1585.307817019711,124.33932262174446,3340.612670809449,Low,4300.0
Anuradhapura,0.6901473846328028,Hybrid_B,Clay,Tank,1280.749030269897,66.07013833589971,3494.259079196906,Medium,4300.0
Anuradhapura,0.9276076828375314,OPV_Local,Clay,Tank,1421.1755430132193,67.22412796779827,2678.248615002495,None,4300.0
Anuradhapura,2.451917890819134,Hybrid_B,Loam,Tank,418.77097311772735,49.51243325213001,3585.831651703977,Medium,2893.8024412725895
Anuradhapura,1.1857010515918434,Hybrid_A,Loam,Canal,1601.1838971448124,51.40564149011776,3416.819648971064,Low,4300.0
Anuradhapura,1.606290827815878,Hybrid_A,Loam,Tank,1180.5232140325893,77.16095320179589,2252.3825173981586,High,3777.6385441131865
Anuradhapura,3.3499051608564647,OPV_Local,Loam,Tank,1068.8519979998055,76.98197793161795,2885.2033418644774,None,4007.3624241746547
Anuradhapura,0.42623287942878063,Hybrid_B,Loam,Rainfed,913.7581415456916,83.92355378975714,2589.732633617461,Medium,3484.6620874376054
Anuradhapura,0.943101446932025,Hybrid_B,Clay,Tube well,1550.1771388648524,47.50822081946281,2181.429840206846,None,4211.6578042551855
Anuradhapura,2.285557753358254,OPV_Local,Clay,Tube well,1183.7144671695867,105.28144082027248,3013.0476735914226,Medium,4168.164208974885
Anuradhapura,2.74758005050877,OPV_Local,Sandy,Tank,729.1596625536331,104.60627481518031,3196.5182500376077,None,3661.645248713426
Anuradhapura,1.9599971319235208,Hybrid_A,Loam,Tank,954.7019136592926,43.30028647615096,2889.6754466111474,High,3511.9071512574837
Anuradhapura,1.2668849061702605,Hybrid_A,Sandy,Tank,1133.5896384377895,73.9381815797128,3294.248298116012,Low,4300.0
Anuradhapura,0.360903590311469,Hybrid_A,Loam,Rainfed,982.8689011056516,48.48758545209752,2585.217938645856,None,3689.3682274148487
Anuradhapura,1.3064660463612654,Hybrid_A,Clay,Canal,1058.8436606170014,75.09390351390373,3301.518188544919,Medium,3992.6763094464122
Anuradhapura,1.7587378184421012,Hybrid_A,Clay,Canal,1080.718366614177,77.85004279351611,2794.1885860446655,Low,4037.49263802962
Anuradhapura,1.6131691676544677,OPV_Local,Loam,Rainfed,693.2076083234333,83.77539313618843,2475.6137012208924,High,2818.769099730292
Anuradhapura,2.016366379105732,Hybrid_A,Loam,Tank,892.1200810092853,81.84065532082965,2244.8252146444556,Low,3543.019643781024
Anuradhapura,2.2089890920616266,Hybrid_A,Loam,Rainfed,1359.4378948874305,44.08004687864591,3001.797169058389,None,4300.0
Anuradhapura,2.620780698688084,Hybrid_A,Loam,Rainfed,973.8205413500694,103.90028723046075,2207.8794705656046,Medium,3619.8010316207747
Anuradhapura,3.926963324447802,Hybrid_A,Loam,Rainfed,1074.4322020846948,58.51856489848902,2341.596200221322,Low,3764.9133777539137
Anuradhapura,2.407943122605143,OPV_Local,Loam,Rainfed,479.9502190592391,36.868296538136555,2672.685720064957,None,2360.568187316243
Anuradhapura,2.881932195764147,Hybrid_A,Clay,Tank,1275.3251642205917,46.2336905386819,2287.4155983379223,None,4042.933711131546
Anuradhapura,1.9330878025807667,Hybrid_B,Sandy,Rainfed,1482.3507255449679,129.6480981280049,2767.4570207138836,Medium,4300.0
Anuradhapura,1.5073435058415543,Hybrid_B,Sandy,Tank,929.9972420748954,55.93431793292895,2546.565110649923,None,3471.5763593363495
Anuradhapura,2.09608594666404,Hybrid_A,Sandy,Rainfed,1135.6767725875764,115.26761364136878,2505.8009946274124,Medium,4121.240934406473
Anuradhapura,0.8977799277571246,Hybrid_A,Loam,Tank,1672.229480908587,78.84240951249232,1969.3830154636232,Medium,4300.0
Anuradhapura,2.3973702749777397,Hybrid_B,Clay,Tank,1073.463628802902,84.48757117347283,2068.8451411147375,None,3773.3870052328925
Anuradhapura,2.0357481210874218,Hybrid_A,Loam,Rainfed,1216.1678834341055,67.13410850464537,2443.237114533683,Low,3939.229745940673
Anuradhapura,2.531324793674473,OPV_Local,Sandy,Tank,1070.4501458163586,34.92812084411272,3039.7519846943133,Medium,3357.80543263543
Anuradhapura,0.8715982614051401,Hybrid_A,Sandy,Tank,603.1725211463546,86.05390931277677,2810.84254717323,Low,3117.8929554773094
Anuradhapura,2.1348641965658346,Hybrid_A,Sandy,Tube well,869.096961401106,91.76398820719733,2502.740959967142,Low,3598.252824546617
Anuradhapura,0.9440182686789146,Hybrid_A,Sandy,Rainfed,908.671621331784,104.82932113173426,1855.3561374943238,Medium,3041.140684773842
Anuradhapura,0.520011832220848,Hybrid_A,Sandy,Tank,1019.2759971153747,67.85724456364059,2835.5703029689084,Low,3724.782547688588
Anuradhapura,1.8512572818118005,Hybrid_B,Sandy,Tank,928.8811866046232,79.95846805367133,3500.040712603918,Medium,4079.3867781157483
Anuradhapura,1.4536215490181281,Hybrid_A,Sandy,Tank,1600.2720392317233,48.93649248119942,3367.610696139459,None,4300.0
Anuradhapura,2.1037670385700498,OPV_Local,Sandy,Tank,1051.4492131347536,44.34697164772299,3190.856334773132,Low,3710.261404411027
Anuradhapura,1.706117195827729,Hybrid_A,Clay,Tank,1084.467999545113,35.37838288311537,2805.970299392309,Low,3517.587799224868
Anuradhapura,0.8012725437860304,Hybrid_A,Clay,Tank,1381.8725037750555,42.21697541798009,2303.598974488698,Medium,4134.092185549949
Anuradhapura,0.9191978311186751,Hybrid_B,Loam,Rainfed,698.472175821799,64.05489414743076,2944.9670270171973,High,2942.7598042668455
Anuradhapura,2.6997501945041087,Hybrid_A,Clay,Rainfed,1050.6918615069803,75.60744524765016,3658.3876794757507,Low,4259.40376547865
Anuradhapura,2.3827832922133085,Hybrid_B,Clay,Rainfed,1205.4212567731313,87.15216475195339,2670.3907709463965,Low,4035.509736817905
Anuradhapura,2.4646919338182864,Hybrid_A,Clay,Rainfed,1016.2626751430493,35.71342870740107,3431.4269218372474,None,3744.294585012946
Anuradhapura,0.5564837397121356,Hybrid_B,Sandy,Rainfed,930.2298014677906,43.11130421052961,3497.8900887322584,Medium,3417.8649107948017
Anuradhapura,0.5859880649188389,Hybrid_B,Sandy,Canal,824.1467683459907,79.56542259412733,2327.177872772476,High,3232.124721816845
Anuradhapura,1.6586806727861747,Hybrid_B,Loam,Canal,838.092131225281,120.25424589491709,2900.128284478689,Low,3921.010550358488
Anuradhapura,3.045567341604989,Hybrid_A,Loam,Canal,1055.9045370428034,77.98664384463434,2772.5761981669225,Low,4114.087981251937
Anuradhapura,1.969040892499498,Hybrid_A,Loam,Canal,1201.1912415735956,75.85570697267939,3162.6921581025044,None,4300.0
Anuradhapura,0.8135711689836949,Hybrid_A,Sandy,Tank,889.1882975880302,70.57995086357371,2601.6213783162307,Low,3257.3672070652633
Anuradhapura,3.7163572052771463,Hybrid_A,Sandy,Tank,1185.2084604244046,104.87253482380423,2806.3795264207706,None,4300.0
Anuradhapura,1.6146162394071646,Hybrid_A,Sandy,Rainfed,792.9023386378558,79.73361208337573,3063.6385251291613,Medium,3485.7099134004807
Anuradhapura,1.3421159749691232,Hybrid_A,Sandy,Rainfed,872.3840384091984,87.11778305238916,2862.800861329938,Medium,3446.1390966748722
Anuradhapura,1.6678320657594095,Hybrid_A,Clay,Rainfed,1217.7182960001783,103.49512604670169,2805.4002327784065,Low,4289.627379953174
Anuradhapura,1.9863992209979535,Hybrid_A,Sandy,Tank,1275.1681567434612,25.696376826340774,2403.963375415758,High,3574.3316333561384
Anuradhapura,1.2257776773238684,Hybrid_B,Sandy,Tube well,1474.6605054738702,40.3523468154726,2798.618184168183,None,4300.0
Anuradhapura,2.0231418837296085,Hybrid_A,Loam,Rainfed,1191.42462486767,68.7065049429917,2707.466673275159,Low,4009.5569013801087
Anuradhapura,1.5307298917936532,Hybrid_A,Sandy,Tank,613.8501747360922,72.69443698624457,3893.3738161289975,Medium,3500.625921722554
Anuradhapura,0.3,OPV_Local,Sandy,Tube well,1023.9329625047559,22.27451754282216,2729.416413466555,None,3470.044198056106
Anuradhapura,3.217436556024409,Hybrid_A,Clay,Canal,881.597888020564,82.66682663627039,2679.971739638621,High,3478.5454653734537
Anuradhapura,1.7659985824521367,OPV_Local,Sandy,Rainfed,1004.2101319546347,49.40518412553189,2975.1479351923845,Medium,3327.903119271296
Anuradhapura,1.6564389924242915,Hybrid_A,Loam,Tube well,903.2976466271159,65.95841646542254,3018.076555122196,Medium,3596.3197490745147
Anuradhapura,1.500877973210761,Hybrid_A,Loam,Tube well,1294.7046571312765,86.4750359256854,3537.6198889633415,Low,4300.0
Anuradhapura,2.7097884339082867,Hybrid_B,Sandy,Tank,986.3605193522293,101.38379539694608,2293.9873025160714,Medium,3592.3553036355142
Anuradhapura,1.531851811682739,Hybrid_A,Clay,Rainfed,1223.9746241550342,77.52825677393352,2340.923746457818,Medium,3976.386234120405
Anuradhapura,3.2534247990746517,Hybrid_A,Clay,Rainfed,1143.191243552012,61.375123937137786,2231.92293136165,Medium,3482.430863935926
Anuradhapura,1.3753518104930218,Hybrid_A,Loam,Tank,858.628397081661,44.43455195436177,3484.489035547498,Low,3844.1905351127225
Anuradhapura,1.1180324469919976,Hybrid_A,Loam,Tank,1121.1538690779362,77.03387718259964,3030.0823989023625,Medium,4229.971705317049
Anuradhapura,1.4092165111778976,Hybrid_B,Loam,Canal,674.8842908573714,31.478537363084982,2745.453408814801,Low,2960.444653429129
Anuradhapura,2.592109835713621,OPV_Local,Sandy,Tank,895.141491747349,83.73087271628233,3339.977506898019,Low,3756.06861983491
Anuradhapura,2.084305064318081,Hybrid_B,Sandy,Rainfed,1028.769509571705,107.33479736654027,2657.8724495249703,Medium,3708.1293612857676
Anuradhapura,2.3760803165264393,Hybrid_A,Clay,Rainfed,1037.5930319402073,27.403898899162144,3183.639299051333,Medium,3484.113762616986
Anuradhapura,1.8247602535312477,Hybrid_A,Loam,Rainfed,854.090314192916,69.56577421276005,2886.512982326118,Low,3436.2219091890624
Anuradhapura,1.1097006240361003,Hybrid_A,Loam,Canal,996.0839521345299,82.78164201344445,2024.0520235626548,Medium,3226.0894421202634
Anuradhapura,2.084189513931005,OPV_Local,Clay,Tank,1071.618664453324,41.653450536650965,3331.0994116782667,Low,3821.6349693946245
Anuradhapura,3.071510824947529,Hybrid_B,Clay,Rainfed,954.0464206801682,83.39466350484459,2583.2553513131,High,3552.0444059762176
Anuradhapura,1.6514655724111607,OPV_Local,Loam,Canal,687.8532626778967,55.762699151092676,2530.7363208639463,Low,2898.256668921492
Anuradhapura,0.3,Hybrid_A,Loam,Rainfed,528.3797316472024,86.52418799916083,1952.6651205723454,Medium,2610.1218979661166
Anuradhapura,2.756614513211093,Hybrid_B,Sandy,Tank,1281.5582273213763,69.6754735871201,2783.1391464596777,Low,4300.0
Anuradhapura,0.9569226055984974,Hybrid_A,Loam,Rainfed,570.6731886631275,50.78955432602362,2261.1733161239486,Low,2641.6061544075214
Anuradhapura,2.317919450686671,Hybrid_B,Sandy,Tank,845.5841246341174,51.08977297305066,2755.46943450882,Low,3395.8503470674355
Anuradhapura,1.9951701688170191,Hybrid_B,Sandy,Tank,915.7154249488491,61.23027039226112,3375.920085384353,Low,3852.9060995608825
Anuradhapura,3.299700556870214,Hybrid_A,Sandy,Rainfed,657.4181168780633,32.3336570460379,3075.5785834326784,None,2851.5498798081785
Anuradhapura,1.7506273142704714,Hybrid_A,Loam,Tank,350.0,97.11894063482991,2770.3728960280914,Medium,2806.873334854692
Anuradhapura,1.0323746738756698,Hybrid_B,Loam,Canal,682.7595346397942,73.1980933847697,3870.1606478028216,Medium,3664.1320963473254
Anuradhapura,2.0900106779472436,Hybrid_A,Loam,Rainfed,1302.0958731857434,108.80514510526012,2807.8635591875563,Medium,4300.0
Anuradhapura,0.3,Hybrid_A,Sandy,Canal,1280.4987503565922,51.54413987753494,2463.5118391426345,None,4016.788023862221
Anuradhapura,0.3,OPV_Local,Loam,Tube well,1444.2773626359294,56.32578711763399,2747.9188680490015,Medium,4295.598277965529
Anuradhapura,1.863103115554631,Hybrid_A,Clay,Tube well,962.1890242621192,42.33337024264838,2708.2475659710917,Medium,3467.2838556900933
Anuradhapura,2.065114113335284,Hybrid_A,Loam,Tank,596.2978340063939,65.9988545691757,2928.915739291292,Low,3237.9240675147607
Anuradhapura,0.8062967593927415,Hybrid_A,Loam,Tank,1433.6213005294258,78.28123337699196,2594.52939377371,High,4300.0
Anuradhapura,2.279100085575614,Hybrid_A,Loam,Tank,668.8038450264296,95.26974164391905,2716.710643587835,Low,3492.9387246015303
Anuradhapura,1.06735992862774,Hybrid_B,Sandy,Tube well,1096.1465864086142,46.24400155923492,2857.059369545659,Low,3726.321980921957
Anuradhapura,3.3848040033143745,OPV_Local,Clay,Rainfed,934.7626626788438,52.87757031616242,1969.5677596990836,High,2936.7938480707535
Anuradhapura,1.9265782549573165,Hybrid_A,Loam,Rainfed,969.6584033940778,120.98399221478957,3416.0354269251234,Medium,4155.791717879028
Anuradhapura,2.650822422777615,OPV_Local,Sandy,Tank,985.219287700743,51.065294884777856,2411.5853028915953,Low,3384.954545117784
Anuradhapura,1.0872914388706976,OPV_Local,Loam,Canal,1039.801925713481,43.74573309204706,2050.0684102865343,None,3384.6335508907396
Anuradhapura,3.0291833617182413,OPV_Local,Loam,Tank,1118.150185125917,86.0034109025939,2635.146550315063,Low,3897.829462251421
Anuradhapura,2.2613465266412005,OPV_Local,Sandy,Tube well,1093.60442383177,103.63295619267103,2591.9906617766947,Low,3865.352408914502
Anuradhapura,3.392634718807257,Hybrid_A,Sandy,Rainfed,621.0622512336132,34.98429524316098,2453.615172503268,Low,2532.8508044738287
Anuradhapura,1.5616516509128218,Hybrid_A,Loam,Rainfed,632.1849393976788,68.47535309067952,2277.2731415533704,Low,2875.616135837723
Anuradhapura,1.2395300665488993,Hybrid_B,Clay,Canal,772.0118394784815,22.705242517240798,2177.2844087066505,None,2628.6227160441886
Anuradhapura,2.4298140983854886,Hybrid_A,Sandy,Rainfed,1057.784005810231,56.39072556512761,3130.5653552752287,Low,3809.7714439102856
Anuradhapura,2.956342894091305,Hybrid_B,Loam,Tank,1119.009426983565,70.04062677706088,2780.0765695814325,Medium,4024.7998312292243
Anuradhapura,3.517371733044987,Hybrid_B,Loam,Tank,897.2012316251356,50.826832983249304,3033.876697679844,Medium,3311.8096110217743
Anuradhapura,2.1845417866032313,Hybrid_A,Loam,Rainfed,1271.1461747820542,44.546641582131954,3283.799326811451,Medium,4252.531812483078
Anuradhapura,2.110094861488592,Hybrid_A,Clay,Tube well,836.5413834395413,38.02163003090861,2313.655053949698,Low,3151.3230495854405
Anuradhapura,1.4367113139039804,Hybrid_B,Loam,Rainfed,1022.7837197905073,62.227123052934985,2635.6763006738415,Low,3609.358658953129
Anuradhapura,2.0534834592196285,OPV_Local,Loam,Rainfed,1289.6816095967763,68.51193870576357,2674.6576290591584,Low,4221.137512872119
Anuradhapura,3.3473675156824823,OPV_Local,Loam,Canal,1458.2313580381247,96.0301066802946,3247.9116421441536,Low,4300.0
Anuradhapura,1.895236887227697,Hybrid_B,Loam,Tank,1164.7068446551289,65.05272181230283,2276.9219140430096,Medium,3823.93517243624
Anuradhapura,1.4008857371322825,Hybrid_A,Clay,Rainfed,1264.7056935006103,66.92730121278144,2714.1479255414183,Low,3986.139877112056
Anuradhapura,3.132432657229268,Hybrid_A,Clay,Tank,882.5372491955313,97.22213545839918,2711.755684133756,Medium,3592.674652787624
Anuradhapura,2.721101239009543,Hybrid_B,Loam,Rainfed,1269.664745861803,78.99902518299675,3427.963768350881,None,4300.0
Anuradhapura,1.96573635249165,OPV_Local,Sandy,Canal,1315.7735302611836,73.92172087312814,2939.6992174295233,None,4300.0
Anuradhapura,2.8088672009548548,Hybrid_A,Loam,Tank,696.0348179172747,22.636406955045373,2983.203013903005,High,2964.151143638581
Anuradhapura,1.8178072690625324,Hybrid_B,Loam,Rainfed,647.0454898571464,113.07276015393568,2861.0670310442556,Low,3312.857560605349
Anuradhapura,1.5623830516029897,OPV_Local,Clay,Rainfed,1343.5075393282182,57.961277242839756,2574.5231302231414,Low,4138.57984275318
Anuradhapura,1.9234175016433541,Hybrid_A,Loam,Rainfed,1125.9337304830772,61.16081168041211,2948.8130324794756,Medium,3919.9132808658637
Anuradhapura,2.6609415039026993,Hybrid_A,Sandy,Canal,1055.5583064813784,80.29606021806909,3415.2315598339915,Medium,4071.0897881769674
Anuradhapura,2.580810613862293,Hybrid_A,Loam,Tank,963.3852277973817,113.06834089326247,2859.8232484275586,Low,4100.338840073216
Anuradhapura,1.4810575344192283,OPV_Local,Clay,Tank,1180.2136330942728,10.0,3058.1289790401056,Low,3738.742746797247
Anuradhapura,1.168992545549913,Hybrid_B,Loam,Canal,945.1916597164668,52.91477974925346,2890.2570012944807,Low,3584.6203208180646
Anuradhapura,2.594225913113198,Hybrid_A,Sandy,Tank,810.4520111561083,82.85708557039466,3650.105045496504,None,3690.227141573633
Anuradhapura,2.373842833085823,Hybrid_B,Loam,Canal,971.3818731782172,83.27811736036512,2562.8990622958668,None,3893.509866528852
Anuradhapura,1.2742445435110383,Hybrid_B,Clay,Tank,700.9198444735533,61.58182480289845,2623.5778021415313,Low,3095.403750323045
Anuradhapura,2.192749693210723,OPV_Local,Sandy,Rainfed,775.0893489601989,72.30201449821823,3271.971625712167,None,3148.829168234506
Anuradhapura,2.179670185031517,Hybrid_A,Loam,Rainfed,847.9185649691507,101.94126946473759,2697.478961773006,Low,3651.144066500513
Anuradhapura,1.0268310702823604,Hybrid_A,Sandy,Canal,1128.6338480640718,87.11354427628793,2464.722206526622,Medium,4115.397898348405
Anuradhapura,1.495005911700608,Hybrid_A,Loam,Tank,1338.4799794684643,57.48870196157272,2497.6910451272242,Low,4300.0
Anuradhapura,0.9813199250099498,Hybrid_A,Sandy,Rainfed,1123.739293832915,57.47894902590009,3098.5434275043276,Low,3847.950897239101
Anuradhapura,3.289477720674633,Hybrid_A,Loam,Tank,1256.6612065965644,72.02096794165072,3472.5276544036296,Low,4300.0
Anuradhapura,1.1221409394303508,Hybrid_B,Clay,Tank,1169.0266514474106,67.5701670129127,2410.3238397898126,Medium,3802.1324060084517
Anuradhapura,1.8902367892791565,Hybrid_A,Sandy,Tank,655.304066739702,10.0,2738.8802437406102,None,2915.803743596535
Anuradhapura,1.2007380423863827,Hybrid_B,Loam,Canal,632.8567215523899,81.39067194559449,2537.3453679505924,High,2975.526012776851
Anuradhapura,1.9698744734675024,Hybrid_A,Sandy,Canal,755.0165133314633,108.69259986703625,3237.7982598330304,Low,3613.2936412549016
Anuradhapura,2.1220957179406805,Hybrid_A,Loam,Tank,964.620201871458,89.81689547626111,2607.690966730712,Medium,3556.35418501853
Anuradhapura,0.3,Hybrid_A,Clay,Rainfed,712.5931728641481,77.93985675284314,3038.793095237751,Medium,3436.641503327024
Anuradhapura,1.998221054032965,Hybrid_B,Clay,Tank,1172.2820400171395,40.082170121153034,3313.1438810217996,Medium,4094.8310935471195
Anuradhapura,3.667928164110436,Hybrid_A,Sandy,Tube well,893.0555042151402,56.98760982542878,2567.3708958995408,Low,3327.0256504850195
Anuradhapura,1.8888113233816128,Hybrid_A,Sandy,Tube well,1303.1385971729437,76.56115137096103,2412.8840123839905,Low,4238.857889785115
Anuradhapura,1.794867899870537,Hybrid_B,Clay,Tank,902.7387099906542,10.0,2662.5747362188413,Low,3275.8237637357224
Anuradhapura,3.000529346201678,Hybrid_A,Clay,Tube well,1412.3445971062733,54.49360323306746,2418.9285943979157,None,4300.0
Anuradhapura,2.676710083118177,Hybrid_B,Sandy,Rainfed,1202.4428736624204,47.09861579891218,2596.214791755761,Medium,3588.2365495900804
Anuradhapura,2.3696415064725436,Hybrid_A,Loam,Tank,698.0643735056983,50.15385725797071,2735.497105133839,Medium,3180.3401596603403
Anuradhapura,0.4540845548696868,Hybrid_A,Loam,Rainfed,959.739984297534,40.0581570092819,3792.0033396877625,Medium,3768.2937297962167
Anuradhapura,1.073009522959934,Hybrid_A,Loam,Tube well,1057.543880241387,38.71591462438775,2500.267279064633,None,3659.1280502623326
Anuradhapura,1.7398962177370594,Hybrid_A,Loam,Tank,635.1821039372421,118.19352193843659,2242.6777130320634,Low,3433.966702503022
Anuradhapura,3.8351376600942526,Hybrid_A,Clay,Tank,890.5680660657943,81.59865166254525,2790.8117646913984,None,3642.9925771783483
Anuradhapura,1.3446407206282536,Hybrid_A,Sandy,Tank,1069.133954198939,68.79614579841265,2764.363835626978,High,3529.1293644002494
Anuradhapura,2.539710998324405,Hybrid_A,Clay,Rainfed,1318.3071816690758,62.87587405414948,2273.130137158045,High,3752.376910170523
Anuradhapura,4.883094210049725,Hybrid_A,Loam,Rainfed,1277.379756289823,80.75136752658722,3217.6852029976644,None,4300.0
Anuradhapura,0.6638619545889421,Hybrid_A,Sandy,Canal,1069.2242671828988,60.033317197967634,2265.0424862566806,Low,3738.9319290550934
Anuradhapura,2.8074739469787424,Hybrid_B,Sandy,Canal,888.1512513074401,81.96280518189893,2511.471153702592,None,3407.7110319900476
Anuradhapura,1.8880512327447767,OPV_Local,Sandy,Rainfed,989.446957612901,42.7367607547614,1798.3600117866663,Medium,2740.0510333390675
Anuradhapura,0.3,Hybrid_B,Loam,Rainfed,903.8787214904654,91.19157919989232,2036.2734794109413,None,3485.750189790604
Anuradhapura,1.5735231335393123,OPV_Local,Loam,Tank,1423.2561311801085,42.847777370902065,2099.906937711343,Medium,3817.422946413036
Anuradhapura,2.182286842695075,OPV_Local,Clay,Canal,818.3868961170178,90.85557995762377,3466.1112464954595,Low,3646.4281635877055
Anuradhapura,1.4733471117212424,Hybrid_B,Sandy,Tank,1076.2045330447645,58.1101629444514,2866.9483551065405,Medium,3710.077745728317
Anuradhapura,2.926425910487728,Hybrid_A,Loam,Rainfed,1262.6855064420015,64.67612732671736,2997.5181002612035,Low,4200.225429991761
Anuradhapura,2.7729691119254127,Hybrid_B,Loam,Tank,1098.215095645415,98.40802445834933,2997.1476311853658,Low,4300.0
Anuradhapura,1.523596159915626,OPV_Local,Sandy,Rainfed,1023.7500938874991,128.48513877654463,2750.1606706950442,None,3863.8554999769053
Anuradhapura,2.32928862389123,Hybrid_A,Sandy,Rainfed,997.9205138843646,42.976864095905626,2709.853433840943,Medium,3340.166441549937
Anuradhapura,2.568093311755602,OPV_Local,Sandy,Canal,1259.1894794490136,63.281313495164056,2635.2654471766673,Low,3989.6342477712474
Anuradhapura,1.7806733248419053,Hybrid_A,Clay,Rainfed,1269.7025882427324,67.65652455285277,2743.2493902498245,None,4085.676628993163
Anuradhapura,2.642116569473219,Hybrid_A,Clay,Canal,1052.6145764507833,67.05685380453272,2458.61584341193,Medium,3609.980919569212
Anuradhapura,2.981214285556687,Hybrid_A,Sandy,Tank,1060.9108808141493,86.86639379810914,2819.1593849341575,Low,4097.734263490402
Anuradhapura,1.1822907761399293,Hybrid_A,Sandy,Rainfed,1087.5344606690876,80.71419729177941,2858.8631845312525,High,3619.372870044
Anuradhapura,1.943293247908623,Hybrid_B,Loam,Rainfed,956.6479235267202,25.44686309353264,2898.3108122031595,None,3499.1302797231633
Anuradhapura,1.990767505177589,Hybrid_A,Loam,Tube well,954.1175897472954,51.92274410665499,2622.421394294156,Medium,3686.3520595877385
Anuradhapura,0.3,Hybrid_B,Clay,Rainfed,881.7251051662118,60.29739090912049,3151.95071302927,Medium,3519.4500171293485
Anuradhapura,0.5211692949442059,Hybrid_A,Clay,Tank,1223.4075766834358,83.51230999547667,3204.3996476215902,Low,4300.0
Anuradhapura,2.755098167228687,OPV_Local,Loam,Rainfed,1040.0456298749,83.095945431618,2376.6037251775383,Medium,3674.568551475567
Anuradhapura,2.3344812505228507,Hybrid_A,Clay,Tank,909.5374797526725,86.94835197520405,3086.7539704836345,Low,3865.5854017289303
Anuradhapura,1.3180766427636412,Hybrid_A,Loam,Rainfed,1315.16065471965,56.002349630307194,2492.993440339081,Low,4213.0250906
Anuradhapura,2.8150652071992424,Hybrid_B,Clay,Rainfed,1245.4536443054963,90.53530499846902,2668.078865116749,None,4188.902543917973
Anuradhapura,1.1490399415154324,Hybrid_B,Loam,Tank,1329.8129811888746,80.62164101909192,2567.8322563318557,None,4300.0
Anuradhapura,2.5444295410530797,Hybrid_A,Sandy,Tube well,581.3481555493875,53.00180581713322,2197.506408228908,Medium,2496.1116492801843
Anuradhapura,1.5615048935927274,Hybrid_A,Clay,Rainfed,988.6338560318587,64.7985460827225,3021.2704584335197,High,3393.043904991751
Anuradhapura,0.6639357024906027,OPV_Local,Sandy,Rainfed,909.8842672176403,83.28947383701666,3020.6227215897593,Medium,3536.017782490969
Anuradhapura,1.290983761651538,Hybrid_B,Loam,Tank,1020.6751378292108,60.8680048015456,2739.405819604063,None,3958.870616157184
Anuradhapura,1.576619038989731,Hybrid_B,Sandy,Tank,1322.1202789346594,55.26666862150736,3358.3698912037244,Medium,4300.0
Anuradhapura,0.3,Hybrid_B,Clay,Rainfed,1426.2647593454046,78.79261987832253,2090.138345981551,Low,4213.2070486134035
Anuradhapura,1.723511442348184,Hybrid_A,Sandy,Tank,1292.2961104012982,71.84113980463027,3278.1879610765623,Low,4300.0
Anuradhapura,2.685420153291872,OPV_Local,Loam,Tank,888.3175429613603,82.55102632910153,2646.0715280772456,Medium,3286.675633421958
Anuradhapura,2.1449254688415302,Hybrid_A,Clay,Tank,1273.6014510077262,59.21265395728072,2925.381759953535,Medium,4240.099503425236
Anuradhapura,1.8870158949423548,Hybrid_A,Sandy,Tank,874.8665632591715,80.40460842139395,2677.460064177398,None,3621.941703800246
Anuradhapura,2.3112892042073345,Hybrid_B,Loam,Tank,920.0028777578364,57.02416410824661,2973.941198617481,High,3606.0465998327672
Anuradhapura,1.0012736413098675,Hybrid_A,Sandy,Rainfed,1277.4902878567257,69.74584106251574,2709.8641823617904,Medium,3946.26977474876
Anuradhapura,2.0996705794880666,Hybrid_B,Loam,Tube well,968.576959065449,88.88861395354837,2265.8171231411625,Medium,3554.6905578423443
Anuradhapura,3.2882896164889175,Hybrid_A,Sandy,Canal,1220.9358568413759,68.88156352880686,3192.1207134663255,Low,4227.077752507252
Anuradhapura,1.6061612604500093,Hybrid_A,Clay,Rainfed,1180.1610297457048,82.08307298951573,3733.5510408553423,Low,4300.0
Anuradhapura,2.036915614438488,Hybrid_B,Loam,Tube well,998.5378415293318,94.87123910620181,2756.4663146868015,Low,3941.6573363335833
Anuradhapura,3.230219745565683,OPV_Local,Sandy,Tank,921.9907087277057,127.41818973691551,2308.341777216033,High,3415.8584824934683
Anuradhapura,1.4952069393450447,Hybrid_B,Loam,Rainfed,682.4702858761327,74.04830828457239,3035.1774268759254,High,3112.0129172820125
Anuradhapura,1.8654859223597753,Hybrid_A,Sandy,Tank,1776.9092814397109,75.12309792339175,2564.637419966324,Medium,4300.0
Anuradhapura,2.723193682860202,Hybrid_A,Loam,Tank,1014.3684227103888,120.9766112364246,2672.5369860444466,Low,4288.770498941659
Anuradhapura,0.9143803133676037,OPV_Local,Sandy,Tank,811.580548834953,57.44776263715724,3536.5089934991834,Low,3550.460321575485
Anuradhapura,2.2351548138109365,OPV_Local,Sandy,Rainfed,1187.2671068390355,85.48726750798137,2169.178293795616,Low,3524.8656436647575
Anuradhapura,1.3446131558756602,OPV_Local,Loam,Tank,1164.282400231802,23.34459664202854,2565.1166252999865,Low,3813.4534344438352
Anuradhapura,2.244827047948215,Hybrid_B,Sandy,Tank,887.2870808844094,68.09884903004587,2596.174982828213,Low,3398.8605118396654
Anuradhapura,0.3,Hybrid_B,Sandy,Canal,1041.015887278485,80.81860500093657,2491.8564558953985,None,3654.4021925490333
Anuradhapura,2.762968950083509,Hybrid_B,Sandy,Rainfed,1193.1349173759731,49.927597683494795,2565.6864344737633,Medium,3712.646107014537
Anuradhapura,1.2202626637890326,Hybrid_A,Sandy,Tank,1346.7298266069843,59.952652469488584,2962.3772757999564,Low,4300.0
Anuradhapura,1.602862715180186,Hybrid_B,Clay,Rainfed,1374.909034642138,63.968650036360344,2858.735797307138,Low,4300.0
Anuradhapura,0.8371118467863832,Hybrid_B,Sandy,Rainfed,1009.8864637699343,61.62049388371106,3233.1641321694933,None,3770.22703566755
Anuradhapura,1.97475657335909,Hybrid_A,Sandy,Rainfed,858.520798669256,10.0,2793.794430377799,Low,2664.8130730904786
Anuradhapura,0.9653464992736498,Hybrid_A,Sandy,Rainfed,1000.1096307969605,108.1650323442777,3056.0242742176897,None,4178.824974540986
Anuradhapura,1.8954739757525425,Hybrid_B,Clay,Rainfed,1105.5910734809102,81.42352975485076,2815.027116293988,None,4084.906047533772
Anuradhapura,2.304988765477715,Hybrid_B,Sandy,Rainfed,1048.0640416755593,92.03736274089196,2975.4196757337054,None,3942.3607233976018
Anuradhapura,3.1904553334692425,Hybrid_B,Loam,Tube well,1243.8241111148216,65.26530179173476,2452.8185541499734,Low,4087.6201927184243
Anuradhapura,2.5723643386827018,Hybrid_B,Sandy,Rainfed,976.2573093032611,83.67981916877832,2160.5056176460084,Low,3422.4287726537837
Anuradhapura,2.0007180655247514,Hybrid_A,Clay,Rainfed,1282.0521871755361,59.31590605841218,2816.6704290091834,Medium,4120.02590918381
Anuradhapura,3.001210204776175,OPV_Local,Loam,Tank,1314.4193946840041,58.12937908147169,2043.8762535962635,Low,3994.3610404662395
Anuradhapura,2.678999179121396,Hybrid_A,Loam,Tank,853.4131610814431,121.29269403625041,3544.7177938368777,None,4178.892406112243
Anuradhapura,1.4216758826849383,Hybrid_A,Loam,Rainfed,1271.5846758145374,98.27170695792984,2804.938105597914,Low,4300.0
Anuradhapura,1.9066459150640194,Hybrid_B,Loam,Canal,995.0576751297112,91.2895939721177,2640.7500590876352,High,3561.9568631439993
Anuradhapura,0.3,Hybrid_B,Clay,Tank,1046.7143167682211,87.12067461217835,3308.7186399795783,Low,4162.325592099103
Anuradhapura,0.9349692719705228,Hybrid_A,Loam,Canal,1113.5695669665538,73.88171421609896,2665.8483075850045,Low,4060.1521901100487
Anuradhapura,1.7416500804006094,Hybrid_B,Sandy,Tube well,842.2022075049035,67.09178601038079,3034.7104571268587,Low,3607.5242057859623
Anuradhapura,1.0600135407826232,Hybrid_B,Sandy,Canal,1200.6202432240138,83.48659621534756,3203.4503247675157,Low,4300.0
Anuradhapura,1.7298114418790926,Hybrid_A,Sandy,Canal,1244.6616445977068,86.51614806218385,3141.250013072432,Low,4300.0
Anuradhapura,0.611282200327788,Hybrid_B,Loam,Tube well,1249.6631764579065,10.0,2923.87998670666,None,3972.984232633947
Anuradhapura,2.1871362008640083,Hybrid_A,Loam,Rainfed,1175.2820418972206,59.46120082027534,2884.722194086859,Low,3993.1711049963264
Anuradhapura,1.5495200681848165,Hybrid_A,Clay,Rainfed,1158.3261078590633,77.31134873051593,3129.0122336579193,Low,4032.412282776196
Anuradhapura,3.9949279351511446,Hybrid_A,Sandy,Rainfed,1152.4430290650562,61.28282317847829,2781.6034479729697,Low,3774.13173765056
Anuradhapura,3.41175226489585,OPV_Local,Sandy,Rainfed,1331.8528941574568,116.83427814399671,3252.5219591726295,None,4300.0
Anuradhapura,3.216039551871628,Hybrid_B,Loam,Tank,1196.2744626897374,101.57404386944773,2459.9133106552113,High,3980.9803509743256
Anuradhapura,0.6521076094718725,Hybrid_A,Clay,Rainfed,1118.9023807515305,80.37052874196972,2164.383519622934,Low,3719.051664695687
Anuradhapura,0.74663870308105,OPV_Local,Clay,Rainfed,402.9592422841823,54.6507948309835,2377.637032743774,Medium,2168.6045910047146
Anuradhapura,0.3,Hybrid_A,Clay,Tank,951.8212774626065,82.38403452627188,2774.873149646415,High,3552.6623574589194
Anuradhapura,3.2860989105275222,Hybrid_B,Loam,Tank,889.8861595784568,49.69462308274669,2650.4020423530005,None,3392.521443435562
Anuradhapura,2.917956026545895,Hybrid_A,Loam,Tank,1387.074892754237,36.27898206725849,3262.4085787556437,Low,4300.0
Anuradhapura,1.2922411204162962,Hybrid_A,Sandy,Rainfed,1056.7841773623222,47.16055619685867,2883.965508882511,Medium,3762.093924500146
Anuradhapura,1.5530126523546166,Hybrid_B,Loam,Tank,953.6626333809999,83.93461175580421,2881.3717447971158,Low,4016.052813939092
Anuradhapura,0.8068663368437876,Hybrid_B,Sandy,Tank,953.7904741444921,39.489057853918084,2946.1235035371865,None,3542.7679594737233
Anuradhapura,2.1796980287998458,Hybrid_A,Sandy,Canal,1000.5894586288556,63.71808424324108,3365.9459222828536,None,3979.808458471139
Anuradhapura,2.27215136287286,Hybrid_A,Sandy,Tube well,702.5800620560591,85.99401924020209,2254.190552957069,Low,3187.849646563794
Anuradhapura,2.1407556512737935,Hybrid_B,Clay,Canal,963.1165144861216,22.712772842873797,2637.183558510282,Medium,3237.441791874717
Anuradhapura,0.5010199733542493,Hybrid_B,Sandy,Rainfed,828.0417406300731,31.994067048896035,3105.850497566248,Low,3053.789472141076
Anuradhapura,2.4792676722640805,Hybrid_A,Clay,Canal,1089.1446700274957,80.52813491507386,3216.7158476338664,High,3880.978328949512
Anuradhapura,2.1411630223318463,Hybrid_A,Loam,Tank,730.4687548690874,71.1736762936961,2993.7941567855455,Low,3496.523918042927
Anuradhapura,2.747549984960654,Hybrid_A,Loam,Rainfed,1231.6978547758258,69.20076452445714,2713.003478389319,Medium,4103.559123898901
Anuradhapura,1.5547308185241975,OPV_Local,Loam,Canal,1356.9148386805598,27.14891616693982,3438.0986457211184,Low,4300.0
Anuradhapura,0.6824981568466146,Hybrid_A,Clay,Tube well,1157.140183401084,64.3693882869937,1972.1962148341931,Low,3619.1913929654193
Anuradhapura,1.2415683742701553,Hybrid_A,Loam,Rainfed,1152.7582620163798,85.70381150184971,3110.864846250291,Low,4227.300280661639
Anuradhapura,1.7357607829971031,Hybrid_A,Loam,Rainfed,968.3602272602151,123.0029763936019,2587.0593831657857,Low,3839.943259892329
Anuradhapura,1.264966194431097,Hybrid_B,Clay,Canal,792.0266388759408,88.04562947442051,2764.2140473283243,None,3542.715458073444
Anuradhapura,2.5521776986311884,Hybrid_B,Sandy,Tank,1220.9286772645478,55.74615835337595,3490.2157640640753,None,4272.086565131248
Anuradhapura,2.1787734669091523,Hybrid_A,Loam,Tube well,599.7282440649852,50.30706421272683,3243.8501569036184,Low,3199.2131786286564
Anuradhapura,2.144396119122392,Hybrid_A,Clay,Rainfed,811.2879152903743,66.17085518107767,2230.9189946616502,Medium,3006.22408106865
Anuradhapura,1.1019704338196858,Hybrid_A,Clay,Rainfed,1074.6222863297992,73.58597340075467,2452.395674822773,High,3537.835305576729
Anuradhapura,0.8659624353805584,Hybrid_B,Loam,Rainfed,1059.3117548086027,14.16172627174413,2904.1939116485532,Medium,3479.531345416114
Anuradhapura,2.4084730019102087,Hybrid_A,Clay,Tank,1213.1244776194524,95.78094800361382,3287.6600288615064,Low,4300.0
Anuradhapura,2.5226791375587823,Hybrid_A,Loam,Tank,980.4910545012714,57.92396433857803,2051.1935623944582,Low,3478.013261165549
Anuradhapura,1.726672497269444,Hybrid_B,Clay,Tube well,832.8082115931753,70.40440472096243,2632.2371368942536,Medium,3276.939372153284
Anuradhapura,0.8133514315305803,Hybrid_A,Loam,Tube well,1605.2882877980437,60.05192203718438,2554.2204628918266,Low,4300.0
Anuradhapura,2.9915993424261362,Hybrid_A,Loam,Tank,1457.4556006560426,47.001575023894176,3304.54787067115,Medium,4300.0
Anuradhapura,2.9496770167748636,Hybrid_A,Clay,Rainfed,993.9525444058131,81.54316342314739,2940.492456230843,Low,4053.3558893388067
Anuradhapura,0.544544718817032,Hybrid_B,Loam,Canal,1601.8198543764688,63.27759651785758,3155.9595084304833,High,4300.0
Anuradhapura,1.6891892040232854,Hybrid_A,Sandy,Canal,903.4617858358273,104.12534237276478,3654.54599883923,None,4300.0
Anuradhapura,3.4864867108605533,Hybrid_A,Clay,Tank,1184.0665853291289,79.70768807857277,3151.3639851672438,High,4300.0
Anuradhapura,0.4727304673949586,Hybrid_A,Loam,Canal,1123.5810222521316,63.772260380838496,2933.908819617589,None,4203.523049896332
Anuradhapura,0.3,Hybrid_A,Clay,Rainfed,833.6191947779258,65.7387386485534,2921.4906086327237,Low,3443.1563566130603
Anuradhapura,1.4306256081182598,Hybrid_B,Clay,Rainfed,621.1506676800881,46.73942058295647,2203.982987001527,None,2523.6949730415363
Anuradhapura,2.064496682734723,Hybrid_A,Sandy,Tube well,1213.5732826087428,39.4912637924087,2264.907665102984,Low,3731.4582168305587
Anuradhapura,2.255597435069173,Hybrid_A,Loam,Rainfed,1110.74284745785,83.35210162631506,3110.5735576837196,Low,4300.0
Anuradhapura,2.1038255134623904,Hybrid_B,Loam,Rainfed,1099.207280765803,48.618758733430255,3497.641342628203,Medium,3956.5974510842952
Anuradhapura,3.7815758006583824,Hybrid_A,Loam,Tank,1381.1633151986603,62.454272537757646,2899.1644023722633,None,4300.0
Anuradhapura,1.8090364072951926,Hybrid_A,Sandy,Rainfed,1035.7639534217776,80.354697959537,2899.319971598401,Low,3887.1287941041955
Anuradhapura,2.1401296518434987,Hybrid_A,Loam,Rainfed,878.2144096465895,77.13439663777166,3166.891689734272,Medium,3793.679238167091
Anuradhapura,2.152088925725735,Hybrid_B,Loam,Tube well,1228.1107316017642,104.52927486601112,2804.897354229113,Medium,4300.0
Anuradhapura,1.0774241964280802,Hybrid_A,Clay,Tank,1204.2163770796658,43.41832968433746,3205.986578258298,None,4149.305459227931
Anuradhapura,0.7660865498262155,Hybrid_A,Loam,Tank,1186.0121026682198,37.133185761900485,2461.4495813485,Low,4025.142301293115
Anuradhapura,0.515689584274615,Hybrid_B,Loam,Tank,1141.9008500814432,102.68430126674753,2921.0927285455605,Low,4300.0
Anuradhapura,0.36562857719515707,Hybrid_A,Loam,Rainfed,1202.3855306062146,67.0252826958608,3074.35952203371,Low,4190.622223270492
Anuradhapura,1.831542411062673,Hybrid_B,Clay,Rainfed,1411.7968426236735,97.94021643882061,2755.7432948386886,Low,4300.0
Anuradhapura,1.2903788917252985,OPV_Local,Clay,Tank,1009.6052515242453,61.48368234262766,3056.1373053534476,None,3932.991307030272
Anuradhapura,1.1383621803727968,Hybrid_A,Loam,Tube well,1092.4678596156275,24.473690082214844,2800.870749688773,Low,3651.508752404585
Anuradhapura,1.6598635411091205,Hybrid_B,Clay,Rainfed,895.6307486434862,21.801708474239703,2629.0272043326413,Low,3069.8307809538433
Anuradhapura,0.6052615078886348,Hybrid_A,Sandy,Rainfed,1267.4164444911266,58.313902816695304,2427.197891858846,Medium,3896.80772292339
Anuradhapura,2.2763779846591974,OPV_Local,Loam,Tube well,683.2748400566259,78.64052369846225,2238.239485979422,High,2742.8596700129838
Anuradhapura,1.8846311543905216,OPV_Local,Clay,Tube well,1153.643421163779,94.9675958890361,2278.3533815357564,None,4006.7577039486155
Anuradhapura,2.7106839433276644,Hybrid_B,Clay,Rainfed,1017.8732528824575,56.295583574629475,1939.4274965837917,High,3165.773020465258
Anuradhapura,0.3,Hybrid_A,Clay,Rainfed,950.2382845175587,101.06600997017661,2736.7514411061,None,3897.230677681242
Anuradhapura,1.8648159606259294,OPV_Local,Clay,Rainfed,1227.5434764026859,101.11943161519208,2278.530146045858,Low,3934.54613933172
Anuradhapura,3.7116003930942263,OPV_Local,Loam,Rainfed,936.9661837494825,68.50734301803149,2419.19034685538,Low,3272.014491117847
Anuradhapura,0.4865313816839081,OPV_Local,Clay,Rainfed,652.4590576191445,94.47795471447265,2790.129477851259,Low,3077.4482735342185
Anuradhapura,3.4598750770440097,Hybrid_B,Sandy,Tank,1007.2148612495562,48.97754148428396,3453.8215791615658,Medium,3720.499455803914
Anuradhapura,1.0127181903293097,Hybrid_B,Loam,Tank,989.5798408451706,37.168716007090865,2573.656226265049,Low,3517.761945460859
Anuradhapura,2.4686746417180436,Hybrid_B,Clay,Tube well,897.9978759166919,43.14731219573673,3208.6715419987354,Medium,3283.092614395002
Anuradhapura,1.4344102629370248,Hybrid_A,Clay,Tube well,1485.88947107191,58.639255337463055,2395.5479829265564,Low,4300.0
Anuradhapura,2.273460082730677,Hybrid_B,Clay,Rainfed,995.7038188947108,59.95242588804923,2447.939739696838,None,3408.298424895105
Anuradhapura,1.009199410702395,Hybrid_A,Sandy,Tube well,968.2461222642472,76.54203370060364,3275.206964240746,Low,4135.740891868075
Anuradhapura,2.3801917760001094,Hybrid_B,Clay,Rainfed,656.8119800124389,67.55431235084919,1500.0,Low,2597.3397479982577
Anuradhapura,2.710115655045827,Hybrid_A,Clay,Rainfed,1012.2060545100668,100.49632138013422,2756.2413814810375,None,3922.872482793122
Anuradhapura,0.3,Hybrid_A,Clay,Rainfed,1086.678401922611,69.68290051505679,2657.4516518033397,Low,3692.219446778053
Anuradhapura,3.5244839316792786,Hybrid_A,Loam,Rainfed,1310.4848889013638,58.38341548012393,2695.9714785700003,None,4266.685278281752
Anuradhapura,2.6025201223764944,Hybrid_B,Clay,Tank,769.5757400203538,75.81667604820294,2858.422943430404,High,3150.9736031950347
Anuradhapura,2.806072243020786,Hybrid_A,Loam,Rainfed,1577.7965868272524,43.84329540282633,3005.5394728527813,Low,4300.0
Anuradhapura,1.555613628246709,OPV_Local,Loam,Tank,1301.4068758549602,64.13298286139919,2791.360394384319,Low,4249.346394721466
Anuradhapura,1.3916476913931723,Hybrid_A,Sandy,Tank,937.543373271401,83.69412771825337,2330.3269390097794,Low,3528.0016761580323
Anuradhapura,0.3,Hybrid_B,Clay,Rainfed,816.9782598256265,106.98764358978046,3147.873868857623,Low,3842.3025789761705
Anuradhapura,2.799636668977934,Hybrid_B,Sandy,Rainfed,1086.0203410402837,87.98919980003974,2211.546508925396,None,3815.599088135148
Anuradhapura,0.6758099995495599,Hybrid_B,Loam,Rainfed,946.1275249751394,26.797920407575035,3073.9287091368155,Medium,3436.163073748412
Anuradhapura,3.1440535588265597,Hybrid_A,Loam,Canal,1131.1998931494702,95.22651366208083,2965.2810732586363,High,4109.729162527459
Anuradhapura,2.563956428189759,Hybrid_A,Sandy,Tank,926.4191440651911,68.50997441926089,2987.0675177211756,Low,3772.031834104595
Anuradhapura,3.485527808434317,OPV_Local,Clay,Tank,1002.197069709146,108.02642419200781,3174.0308364218467,None,4051.9831965807034
Anuradhapura,2.3271303795567158,Hybrid_A,Clay,Rainfed,1081.9926610834552,60.73813186631055,2283.2675418354493,Low,3696.6332169967677
Anuradhapura,2.3342847280701995,Hybrid_A,Sandy,Tube well,1273.8686957928212,28.167054316687697,3053.531601810475,Medium,4118.323676541823
Anuradhapura,2.6642636986078414,Hybrid_A,Loam,Canal,1554.2397958320726,86.8184735999898,2619.8736467852314,None,4300.0
Anuradhapura,1.5283054533111244,Hybrid_A,Clay,Tank,1152.0940010665672,60.435658512375525,2776.5258575270504,Low,4012.5407941182007
Anuradhapura,2.3933791885291136,Hybrid_A,Loam,Tank,1437.202560860567,85.18316781764447,2651.4874018079486,Medium,4300.0
Anuradhapura,3.208416133201779,Hybrid_B,Clay,Tank,958.9886402995603,105.42902028002294,2808.529883327774,Medium,3835.7344725127323
Anuradhapura,1.1506035534230985,OPV_Local,Clay,Tank,879.1601171158198,64.6596570841932,2766.65535164135,Low,3424.969631878907
Anuradhapura,0.7447119312984052,Hybrid_A,Clay,Rainfed,1183.950498819984,89.36666495029027,1936.7456955200869,High,3590.1869964335706
Anuradhapura,2.5749862864873774,OPV_Local,Clay,Tank,911.3305449265855,104.62118377567977,2579.2649559698643,Low,3695.1944390876456
Anuradhapura,0.6293670471223176,Hybrid_A,Loam,Canal,945.549271886379,73.7561310062046,2630.178968996793,Low,3721.257027721872
Anuradhapura,0.6540283189962524,Hybrid_A,Sandy,Rainfed,726.9541398572729,79.98591504770964,2448.00020408413,Low,3051.995501635711
Anuradhapura,2.424730593890273,Hybrid_A,Clay,Tank,657.7704867198987,51.564435937129275,2460.795289115472,Low,3003.6997401964913
Anuradhapura,1.38080489732685,Hybrid_B,Loam,Tube well,1104.2886851209084,109.77452245695434,2372.692629329851,Low,3969.10442464436
Anuradhapura,0.43514897579696,OPV_Local,Sandy,Canal,1301.2596816076075,37.205840371000264,3177.871000217724,Low,4198.301444981273
Anuradhapura,3.5907394399510486,Hybrid_A,Sandy,Tank,1089.028722212698,95.86916500553534,3004.8044136863027,Low,4226.101956432049
Anuradhapura,3.5944158677723816,Hybrid_A,Loam,Tank,887.9661646115993,74.38260272555605,2443.8343611655705,High,3242.5618803192265
Anuradhapura,1.9754183522421853,Hybrid_A,Clay,Rainfed,1197.0163437905612,61.62615959155514,3462.3591172541956,Low,4300.0
Anuradhapura,0.8488003866954132,Hybrid_A,Sandy,Tank,943.578647368928,57.969103292711374,2806.2436265092806,Medium,3598.7111834718194
Anuradhapura,3.8183923739521575,Hybrid_A,Loam,Canal,1282.8715813149042,77.23481513527963,2686.7190013343707,High,4139.621194299027
Anuradhapura,3.8947649205961894,Hybrid_B,Sandy,Tube well,1585.7701304595805,70.95048907108108,2384.125901332363,None,4300.0
Anuradhapura,1.47372912537221,Hybrid_A,Loam,Tank,1246.6813083879597,95.03626305492236,2735.5100619579407,Low,4300.0
Anuradhapura,0.3,Hybrid_B,Loam,Tube well,788.5192803031106,55.08784450400907,3103.911655212787,Low,3597.88829822203
Anuradhapura,3.463831275079799,Hybrid_A,Sandy,Tank,1236.5117088292805,75.04905837782515,2149.663852391297,Low,3750.2050047167168
Anuradhapura,2.128705617316648,OPV_Local,Sandy,Tank,790.7527706845981,51.46498113673367,2810.15843241778,Low,3223.5967171417433
Anuradhapura,2.3456228419867564,Hybrid_A,Loam,Canal,832.1082295840978,74.58502891093241,3030.4097688019115,Low,3730.7613086840247
Anuradhapura,1.8985328823625687,Hybrid_A,Sandy,Rainfed,884.561135701795,55.568828215693394,3191.978515831215,Medium,3319.744646139046
Anuradhapura,0.40178514571082546,Hybrid_A,Loam,Rainfed,737.7748373920673,93.33838397647006,3377.414973411329,Medium,3557.4450190383222
Anuradhapura,2.2682016771437423,Hybrid_B,Loam,Tube well,857.916557645775,59.534444641894574,2977.2211942192625,Medium,3579.8330821885734
Anuradhapura,1.7340245139665242,Hybrid_A,Clay,Rainfed,825.8051354034078,70.94653867033279,3268.336497449688,Low,3551.261394104308
Anuradhapura,1.3973355152416378,Hybrid_A,Sandy,Canal,671.80732718328,58.04068870940321,2616.3619680253346,Low,3115.944469481604
Anuradhapura,1.9055895889578547,Hybrid_A,Loam,Canal,1128.3806067630323,63.6200245443669,3631.8445336967843,None,4266.972052288857
Anuradhapura,3.856464959580594,Hybrid_B,Loam,Rainfed,453.5563663563245,86.72111481793019,3125.354928387842,Low,2747.0876767563127
Anuradhapura,2.451218960811843,Hybrid_B,Sandy,Rainfed,1049.8631482531039,70.33524366433569,2607.24056736462,Medium,3432.689450430038
Anuradhapura,1.4704140994353874,OPV_Local,Sandy,Tank,1283.2634558650548,67.92150424435565,3188.3938556636763,Low,4300.0
Anuradhapura,1.5453202155003534,OPV_Local,Loam,Tank,928.9199399566203,41.81546124656438,3098.399627314033,Medium,3493.1702042762654
Anuradhapura,1.6163407463371562,Hybrid_A,Sandy,Tube well,955.9981676847548,45.708459603983144,2990.701183306393,Low,3622.527580303503
Anuradhapura,1.4626272839761776,Hybrid_A,Sandy,Tank,1093.8467288128638,93.52424154069404,2732.5537916442145,Low,4045.476503173144
Anuradhapura,1.4214164607527466,Hybrid_A,Sandy,Rainfed,1729.6571364870192,62.25931605453478,2486.904681551826,Medium,4300.0
Anuradhapura,0.9514409531215612,OPV_Local,Loam,Rainfed,968.6203625169987,89.55166325864575,3394.6710859858945,Low,3849.9164927630213
Anuradhapura,1.9306956827420922,Hybrid_B,Sandy,Rainfed,1278.6292511551333,39.80496758612832,2838.924881003504,Medium,3799.2481678919526
Anuradhapura,2.898358318238929,Hybrid_B,Clay,Tank,1056.916110006825,60.54233136851552,2601.7955535268857,Low,3641.8384323987652
Anuradhapura,3.9365720329508607,OPV_Local,Clay,Tube well,1037.309867043989,82.94199412024558,2782.397807017291,Medium,3676.8129608535733
Anuradhapura,0.6883348326686836,Hybrid_A,Loam,Tube well,1255.198101751843,63.06627237009998,2167.9509304635376,High,3804.060277820262
Anuradhapura,0.7400057954096506,Hybrid_B,Loam,Tank,1419.140690148712,85.41447940103791,3012.58753661352,High,4300.0
Anuradhapura,3.7384501046162533,Hybrid_B,Loam,Tube well,680.6283287986143,75.93031467005846,2338.745157345852,Low,3169.2612535452813
Anuradhapura,1.8064303141769378,Hybrid_A,Clay,Canal,1170.1230741545955,81.8287474764449,2894.749430358647,None,4243.739547198455
Anuradhapura,2.0909085779918644,Hybrid_A,Clay,Tube well,1111.2878963245823,79.90580186327529,2704.4614775246887,High,3856.6070332519807
Anuradhapura,2.6711253497568888,OPV_Local,Sandy,Tank,817.8399217693432,61.98137400205755,3105.3913267498983,Medium,3215.4352798167033
Anuradhapura,1.2575870129290976,Hybrid_A,Sandy,Rainfed,1219.6609328024317,37.082463527614834,2404.742282352351,High,3525.702368577785
Anuradhapura,3.2780806846733146,Hybrid_A,Loam,Tank,1316.5158871227209,104.35957797703637,3170.1490826607924,Low,4300.0
Anuradhapura,2.094565521258593,Hybrid_B,Sandy,Canal,807.0215979947001,78.05035538325451,2801.584387190669,Medium,3162.412375345115
Anuradhapura,3.1473251337244044,Hybrid_A,Loam,Canal,771.1444765419017,66.1617103751923,3048.747241039308,High,3357.2492885163506
Anuradhapura,2.383175800725044,Hybrid_A,Clay,Tank,754.6169940376051,83.62781714333217,2280.0576091201174,None,3204.4905184589234
Anuradhapura,0.5047844721525117,Hybrid_A,Clay,Tube well,726.8646550060212,77.98766012244918,3115.0971555560295,Low,3595.0522090720046
Anuradhapura,1.4265834216161017,Hybrid_B,Clay,Tank,1178.0724307137732,95.17860304253817,3162.556165948435,High,4267.840420503448
Anuradhapura,1.5199984492476442,OPV_Local,Loam,Tank,1058.5676938000804,87.50457949845409,2539.5821126864885,Medium,3640.9787008196163
Anuradhapura,0.3,Hybrid_B,Loam,Tank,906.6358621176589,87.71678549162753,3046.1543937975352,Low,3821.9255236811337
Anuradhapura,1.3292894658933605,OPV_Local,Clay,Tank,799.8246669080312,93.201653826721,3250.4051271583257,Low,3714.196408510229
Anuradhapura,0.7914534826644353,Hybrid_B,Loam,Rainfed,1364.0162393952205,107.5456590811506,2597.977897062826,Medium,4300.0
Anuradhapura,1.9289224972069408,Hybrid_A,Loam,Tank,772.1113004590709,43.8424848964499,2738.8494110866723,Medium,3230.63612362193
Anuradhapura,3.066086079597107,OPV_Local,Loam,Tube well,610.548004098036,108.15678959041304,2858.404759348295,None,3337.97877419297
Anuradhapura,0.4576460898021817,Hybrid_A,Clay,Rainfed,1328.5446312101217,78.79869903716998,3005.4599951793125,None,4300.0
Anuradhapura,1.1894859937537188,Hybrid_B,Loam,Tank,982.9956941142399,72.1599294186644,2997.8896698453386,Low,4026.8807695625383
Anuradhapura,1.674873760192055,Hybrid_A,Sandy,Canal,603.4924172127064,58.4882480984968,3668.655369973706,Medium,3060.2664423472525
Anuradhapura,2.476333187815386,Hybrid_A,Clay,Tank,1639.10026150893,94.43094014001468,2286.7460482374536,Low,4300.0
Anuradhapura,0.4068251754341454,Hybrid_A,Loam,Canal,871.0563190999666,86.88866425070624,2563.4728629904876,Medium,3647.0191121425237
Anuradhapura,0.6916769489429133,Hybrid_B,Loam,Rainfed,946.507244843545,99.72450997970773,3362.953021597647,High,3873.5920558776934
Anuradhapura,1.023632948400822,OPV_Local,Loam,Tank,1100.5638703235277,63.1324953917925,2953.162171161622,Medium,3991.601971764856
Anuradhapura,4.159388548862431,Hybrid_B,Loam,Tube well,1226.8046810057674,90.04543696393046,3015.133208250283,None,4300.0
Anuradhapura,3.7390679743965745,Hybrid_A,Loam,Rainfed,929.8882983445839,60.40221329203936,3260.209038893045,Low,3940.2351258248527
Anuradhapura,3.076740307412015,Hybrid_A,Loam,Tube well,1502.5492846485993,70.34241306165517,3425.4947442239363,None,4300.0
Anuradhapura,1.858680006500692,Hybrid_A,Clay,Tank,731.7206646662066,78.81661057637322,3498.8964793526507,Low,3548.7627695087344
Anuradhapura,1.904905111712509,Hybrid_A,Loam,Tank,985.1719773944754,85.63352482395157,2813.2742735485845,Low,3948.887477654913
Anuradhapura,2.238412881097188,Hybrid_A,Sandy,Rainfed,752.9464793749502,54.651380413049466,3390.3171359744447,None,3395.382425965524
Anuradhapura,1.6959685187801918,Hybrid_A,Sandy,Tank,664.7385529013673,71.81885829082007,2177.7215771646856,Low,3105.984505466131
Anuradhapura,0.8489688336380741,Hybrid_B,Loam,Tube well,940.3815826764612,112.65989169435016,3110.0939512683885,None,4235.9254687031325
Anuradhapura,0.8106743203111262,OPV_Local,Loam,Tube well,1029.2697682861547,84.07059976232867,2373.5802151596026,Low,3618.2591556723905
Anuradhapura,1.7330952643829605,Hybrid_B,Clay,Tube well,1009.8595585358443,49.504106831949954,2854.109089101392,Medium,3629.8389225000933
Anuradhapura,1.505322041113188,Hybrid_A,Sandy,Tank,806.0069843726021,84.13443782459761,2285.951489706758,Low,3234.302702547221
Anuradhapura,0.5333263487071818,OPV_Local,Clay,Tank,858.2647982702712,63.41718198931298,3283.649827229542,Low,3529.5597626294093
Anuradhapura,0.3,Hybrid_A,Loam,Tank,1203.3557121964682,77.07059260770575,2728.2516038081803,Low,4300.0
Anuradhapura,1.4148657128357716,Hybrid_A,Loam,Tank,1684.3642033517262,35.72864516115952,3001.2937299443274,Medium,4300.0
Anuradhapura,3.1566533322260826,Hybrid_B,Loam,Tank,945.7231505831357,72.7120488457002,3417.3674505106987,Low,3971.964772587272
Anuradhapura,1.5879965995819352,Hybrid_A,Loam,Rainfed,704.7272554509567,81.25587133615696,3389.252263584216,Medium,3217.069368857011
Anuradhapura,1.4009194612606963,Hybrid_A,Loam,Tube well,1143.2213516640663,64.69351914586848,1848.3907204839184,Low,3713.2639733900987
Anuradhapura,0.6481877510700957,Hybrid_A,Loam,Tank,1673.3366632720558,71.09871063104055,3885.9906931952564,Medium,4300.0
Anuradhapura,1.2471302723956754,Hybrid_A,Sandy,Tube well,1073.9225063214408,116.24912369995792,2675.6534790621704,Medium,4059.4413885710787
Anuradhapura,2.76939852062951,Hybrid_B,Clay,Rainfed,1066.8019846610516,49.78801402988019,3427.7021768245922,High,3774.705519240965
Anuradhapura,1.331951808607073,Hybrid_A,Loam,Rainfed,1103.722355816685,134.7405582121196,2669.1028053194395,Low,4300.0
Anuradhapura,1.5241240500731659,Hybrid_A,Loam,Tube well,1212.6827228811203,56.609823706154074,2339.1566939431514,Medium,4134.82463393414
Anuradhapura,1.3866102333255284,Hybrid_A,Sandy,Tank,350.0,90.95826650798337,2462.4524797512854,Medium,2556.998814039854
Anuradhapura,3.6434885946018207,Hybrid_B,Clay,Rainfed,804.7011273310496,72.13996547771161,1980.7070806431989,None,2883.261337119996
Anuradhapura,2.7883829041877637,Hybrid_A,Sandy,Rainfed,381.27244043383064,94.56259545026099,2610.4153477668633,Medium,2599.7314166217066
Anuradhapura,3.044696541993265,Hybrid_A,Sandy,Rainfed,696.5209536909692,63.34340265068786,2982.166182432371,Low,3241.176214981338
Anuradhapura,3.2991528169032804,Hybrid_B,Loam,Rainfed,1071.4980955482297,78.01593246918402,3215.675767252864,Low,3987.391164261805
Anuradhapura,2.5299393202733267,Hybrid_B,Sandy,Canal,1274.7738716351867,71.15451725774992,2909.493766308053,High,4125.990730300261
Anuradhapura,1.560352780075032,Hybrid_B,Loam,Tank,1085.9532410769725,98.92441816499667,2972.0125354810416,Medium,4222.936486590946
Anuradhapura,0.5645410379041313,Hybrid_A,Sandy,Tank,1009.1853542424958,59.90408638928315,1792.0520402131428,High,3051.6320050226136
Anuradhapura,1.1319887085758822,Hybrid_A,Clay,Rainfed,1031.962379031313,107.21053864806498,2836.545529404671,Low,4157.339497253126
Anuradhapura,2.3758713282431616,OPV_Local,Clay,Canal,884.9378461443188,33.27308381532982,3048.2112807995727,Low,3145.0168395015166
Anuradhapura,2.734541011598031,Hybrid_B,Loam,Tank,1404.5587911625144,95.79244622014235,2668.019516771277,None,4300.0
Anuradhapura,2.4425474971618,Hybrid_B,Loam,Canal,958.7320217570473,75.46799231261772,2834.445394029185,Low,3883.0036292843906
Anuradhapura,2.433625476522521,Hybrid_B,Clay,Tank,791.8897083282963,44.76455680618031,2924.889148502801,Medium,3195.345751476987
Anuradhapura,3.0672069411034135,Hybrid_B,Sandy,Tank,1237.5331485362713,74.31280895462852,2397.22719754355,Low,4138.817053395015
Anuradhapura,2.0662223251059597,Hybrid_A,Clay,Tank,541.934035044525,71.50896558634162,3250.9477749076614,Low,3149.4881143741277
Anuradhapura,0.6968956501622998,Hybrid_A,Clay,Rainfed,821.4502167637163,54.54042842851625,3206.1232321880507,High,3140.4998406200916
Anuradhapura,1.72963837352062,Hybrid_B,Clay,Canal,650.3708856641708,53.49916009185134,2929.862543307471,Low,2974.727774968281
Anuradhapura,2.874785667585582,Hybrid_A,Sandy,Tube well,1120.9636534061462,54.61933385000253,1587.5981670859783,None,3411.579620598958
Anuradhapura,0.9449506303026263,Hybrid_B,Loam,Tank,724.9421140254655,87.78391009264558,2769.743260961277,High,3283.5335402411833
Anuradhapura,1.770212243096306,Hybrid_A,Loam,Canal,607.8234927939634,65.08664387244976,3002.5229704054755,Low,3208.3498433549603
Anuradhapura,0.9616550933258118,Hybrid_A,Sandy,Canal,981.7960469566069,49.856585416758584,2487.605676698181,None,3582.1769053822354
Anuradhapura,2.4025203480547237,Hybrid_A,Sandy,Canal,1302.9783713838801,64.30027303748504,3017.8015578300597,None,4300.0
Anuradhapura,0.5778500866533625,Hybrid_A,Sandy,Canal,1096.0827372773533,81.85996098996144,2471.9849256213847,Low,3727.4645894110495
Anuradhapura,1.9409704240080015,Hybrid_A,Loam,Tank,1056.7586299371494,51.736517057051465,2619.71976557944,None,3903.0670668938183
Anuradhapura,2.505062675052836,OPV_Local,Clay,Tube well,795.4724387421873,85.73520484560711,2654.7925275743933,High,2953.9263633062046
Anuradhapura,0.3,OPV_Local,Loam,Tank,809.2577269675687,68.51989577190224,2368.6423634381977,Medium,3228.4092492741256
Anuradhapura,2.5135733349156197,Hybrid_A,Clay,Tube well,811.6872357618872,86.48854951702697,2534.0794641436823,Medium,3363.625843119101
Anuradhapura,3.887493643037013,Hybrid_A,Loam,Tank,1068.8514277552456,71.7684708528004,3745.3901224082583,Low,4300.0
Anuradhapura,3.82976126244386,OPV_Local,Loam,Canal,993.2622236748012,92.27538424831712,3435.548289342263,Low,4095.1604630529982
Anuradhapura,2.3482834748982966,Hybrid_A,Sandy,Canal,1168.754817647778,44.20137832647023,3099.8191189956005,Low,4050.4610850375684
Anuradhapura,3.8246297016019977,Hybrid_A,Clay,Tube well,1146.3209884972127,59.06237046318762,2984.2947844467153,Low,4056.7890275846876
Anuradhapura,1.5352378080669018,Hybrid_B,Loam,Tank,1128.2345859846464,58.168915772299954,2829.84149340191,Low,4004.433157946816
Anuradhapura,2.720962215872147,Hybrid_A,Loam,Tank,1121.9628735193157,95.74064310607999,2639.139086361071,Medium,3893.2069172731904
Anuradhapura,2.485115784983188,Hybrid_B,Clay,Canal,1040.3204216769682,81.45742444340276,2814.70725744602,None,3819.920852779156
Anuradhapura,2.8423175468944497,Hybrid_B,Sandy,Canal,1387.860984894115,60.21815346220825,2473.2893227704826,Medium,4034.829171344908
Anuradhapura,1.9419847873246765,OPV_Local,Sandy,Tank,907.389870888672,38.91657806604819,3105.688001831646,Low,3470.4116210619804
Anuradhapura,0.9001330990386514,Hybrid_A,Loam,Rainfed,1292.3874263723362,49.24799731684096,2972.6529190761203,Low,4271.506775511332
Anuradhapura,3.0601074625038827,Hybrid_B,Sandy,Rainfed,1329.7649314128473,41.14179277060726,2573.7602791880963,Medium,4018.45593554659
Anuradhapura,2.5240749807350142,Hybrid_A,Sandy,Tank,855.0594976413747,84.72480832226023,3340.741704398035,Low,3803.455361404624
Anuradhapura,3.02274206673612,Hybrid_A,Clay,Rainfed,1002.921113356901,39.038238070341805,2572.777025999435,Medium,3130.844814211776
Anuradhapura,1.5442256277834467,Hybrid_A,Loam,Tank,1134.9786120761719,79.70908791005736,3462.995100970965,Low,4300.0
Anuradhapura,1.5197032618494,OPV_Local,Clay,Canal,1033.9863203636064,52.90496871626563,2822.887039724579,None,3589.9215967324317
Anuradhapura,0.680465592318729,Hybrid_A,Loam,Tank,616.7231326032015,54.1467617931297,2688.512127387877,Low,3122.7321392846716
Anuradhapura,1.8749304939621705,Hybrid_A,Clay,Tube well,1018.1363299788788,55.10289753365443,2848.092355211249,Low,3421.2797501016503
Anuradhapura,0.8908114719602003,Hybrid_B,Loam,Rainfed,1204.19033473974,52.76842756860279,2684.734163193616,Low,3832.916822602095
Anuradhapura,4.276346416822486,Hybrid_B,Loam,Rainfed,1315.242207673797,85.66003056932824,2870.9234806945806,None,4300.0
Anuradhapura,1.221196136885402,OPV_Local,Clay,Canal,1238.0997316908145,50.7822209275663,3126.5669027000627,Medium,3865.7677432857668
Anuradhapura,0.3,Hybrid_A,Loam,Tube well,1128.541220520045,41.26153434735112,2596.530287540414,Low,3770.6381471444874
Anuradhapura,1.9552982825236997,OPV_Local,Sandy,Rainfed,848.5465344772629,93.8271273498561,3262.5968618546594,None,3678.5584230453624
Anuradhapura,3.1861881005041064,Hybrid_A,Loam,Canal,921.1594311115913,129.3438178853483,2890.9896381255144,Low,4241.099296452918
Anuradhapura,0.4803474469087061,OPV_Local,Sandy,Canal,986.9451826497906,73.79474841048707,2388.9426579086603,Low,3613.3766124692393
Anuradhapura,0.8965218272939595,Hybrid_B,Sandy,Tank,1335.6449413719347,54.89011985902205,3011.9065949537994,Medium,4139.849513936649
Anuradhapura,0.3,Hybrid_A,Loam,Rainfed,905.5222222371597,76.84285943809772,1620.364326396714,None,3344.1507621061246
Anuradhapura,2.186917981631539,Hybrid_B,Clay,Tank,983.8603627302087,102.01672289258701,2881.714157498287,Low,4029.5342819766724
Anuradhapura,2.652581626047098,Hybrid_A,Sandy,Tank,1119.9514185289793,61.50692018972744,2832.1878685848656,High,3596.1699384732606
Anuradhapura,2.0951426069348633,Hybrid_A,Sandy,Tank,1365.999007563081,55.697937383209585,2630.186822037484,Medium,4073.7603851247486
Anuradhapura,3.4096129731996108,Hybrid_A,Loam,Tank,1117.2825176854249,71.49741279866498,2893.497276439052,Medium,4074.096318843727
Anuradhapura,0.3,Hybrid_A,Loam,Canal,1018.6694704807803,60.901332595130654,2060.2473533482835,Low,3398.447224558681
Anuradhapura,2.4087680528073303,Hybrid_A,Clay,Rainfed,1121.5395239821146,119.36965346434798,2500.5718415501997,High,4074.746715696056
Anuradhapura,1.5575156888852006,Hybrid_A,Clay,Canal,1263.1009874095205,85.56879442500494,2740.062396938816,Medium,4191.256737714107
Anuradhapura,1.203040428053335,Hybrid_A,Clay,Rainfed,1239.7198814941678,36.973126115632176,3172.4254312031117,None,4071.0138838096127
Anuradhapura,0.3,OPV_Local,Loam,Tube well,1235.0199881063904,68.29423736927956,3089.086651649916,Low,4200.470708607213
Anuradhapura,2.204205387247372,Hybrid_B,Sandy,Tank,720.5268453805616,72.66262676035944,3176.6159225515803,Low,3239.755547298022
Anuradhapura,3.0248255643558184,Hybrid_A,Loam,Canal,907.4843762090514,61.30722573278173,3025.173365736715,High,3459.8521828063813
Anuradhapura,3.105218717001182,Hybrid_A,Clay,Tank,1135.3157164786203,50.34766749834488,3870.8870972275804,Low,4286.578988269859
Anuradhapura,1.4264591215861988,Hybrid_A,Loam,Tube well,1143.3074238244606,71.62229729654399,3241.1429943744715,Low,4295.14479525999
Anuradhapura,1.145831905498671,Hybrid_A,Clay,Rainfed,1236.6812156224264,30.17695366243786,2554.034634019414,None,3969.020585767053
Anuradhapura,2.0318757514829735,Hybrid_A,Loam,Rainfed,945.5513871900201,62.930962857669286,2368.651982613575,High,3046.997233522856
Anuradhapura,1.301442732294714,OPV_Local,Loam,Canal,1165.0167953422906,73.72479206733709,2548.103212583193,None,3801.4184065986287
Anuradhapura,1.450425060770884,Hybrid_A,Clay,Canal,712.3444977227582,81.18831893965815,2633.055859863059,Low,3341.3902229663363
Anuradhapura,2.9711039657953324,Hybrid_A,Clay,Tank,655.9827662676139,89.76253116653305,2965.543921664083,Low,3390.826078764224
Anuradhapura,1.401159492211222,Hybrid_A,Clay,Tube well,850.1717415519406,35.76275738156004,3695.292093734892,Low,3541.3376594057213
Anuradhapura,1.3454862810317978,Hybrid_A,Clay,Rainfed,1408.7429395428567,69.54362321440206,2706.8143183565758,Low,4300.0
Anuradhapura,1.7848305251791687,Hybrid_A,Sandy,Tank,1186.538754155304,55.600371445365,3249.711775949429,Low,4194.68281414889
Anuradhapura,2.0755668365663835,Hybrid_A,Sandy,Tube well,1213.6423749352864,73.22810300060108,3516.8217124558682,None,4300.0
Anuradhapura,0.822346976846472,Hybrid_A,Clay,Tube well,1574.424316873801,85.32506758980318,2159.4747911957425,Low,4300.0
Anuradhapura,1.5171027005882693,Hybrid_A,Clay,Rainfed,1169.0269342267543,75.24608333211374,2706.0024612989446,Low,3973.7152349165194
Anuradhapura,2.034086525050576,Hybrid_A,Clay,Tank,470.9653812180403,46.56724004649867,2622.0835576530844,None,2573.680600385131
Anuradhapura,2.7174818412422366,Hybrid_A,Loam,Tank,850.7784697795466,50.77186954860072,2969.9627116573142,Low,3485.4547321217456
Anuradhapura,3.6463426881986662,Hybrid_B,Clay,Tube well,1083.5190670118627,92.25638074503713,2517.253620583561,Low,3711.398946368903
Anuradhapura,1.5609950661114018,Hybrid_A,Loam,Tank,1087.3663805514211,92.0149142061341,3078.913101632417,Low,4300.0
Anuradhapura,1.6925217093628093,OPV_Local,Loam,Tube well,1024.0551725803261,70.42092337054518,3147.437788702636,None,4042.683295904512
Anuradhapura,3.1904393081090747,Hybrid_A,Loam,Canal,1333.9558588108412,62.263166657437026,3637.8677761336635,Low,4300.0
Anuradhapura,1.9845769798306478,Hybrid_B,Sandy,Tank,1199.600673419207,28.410130702359467,3209.0159363991907,Low,3843.988914463414
Anuradhapura,0.6444232042540206,Hybrid_A,Clay,Rainfed,968.6684973701465,44.844161039950336,2289.1674235566443,Medium,3027.6838316843023
Anuradhapura,1.4564681543840023,Hybrid_B,Loam,Canal,1011.5416811886357,50.186061935372926,2922.034869403067,Medium,3702.9364857952264
Anuradhapura,1.6876160099903164,OPV_Local,Sandy,Tube well,899.2208061379769,83.83082749866617,2064.3398781562487,Medium,3130.200533883582
Anuradhapura,1.3568412601417417,Hybrid_B,Sandy,Tank,973.1736522713235,93.43378324571651,3430.0990331041953,Medium,3880.3264932471798
Anuradhapura,2.156944281948416,Hybrid_A,Loam,Tank,844.8644960919423,53.429100179752766,2817.410296872014,None,3402.1344611874038
Anuradhapura,1.6865985075028265,Hybrid_A,Sandy,Canal,749.5413786230328,82.15477899717725,2914.0439363071578,None,3570.7952876904174
Anuradhapura,1.932152974180456,Hybrid_A,Loam,Tank,1001.291900349996,60.67183402304727,2636.1566189317946,Low,3725.5011422979887
Anuradhapura,2.894606807706799,Hybrid_A,Loam,Canal,1251.417136369931,51.38712720219204,3095.897456654252,High,4217.43467077926
Anuradhapura,1.0570513528328132,Hybrid_A,Loam,Canal,1296.1881415812163,38.4628484424385,3249.6287114081315,None,4300.0
Anuradhapura,1.8722523919673955,Hybrid_A,Loam,Canal,943.9687524377338,60.28978575667173,2593.6673415885107,Low,3738.749935008018
Anuradhapura,1.9262592886538652,OPV_Local,Clay,Canal,1025.8819988486698,105.53109581568378,2628.5109367609584,Medium,3860.091506610307
Anuradhapura,2.7773331852450003,OPV_Local,Loam,Tube well,668.8628691978838,82.93282953903017,3080.290289575205,Low,3366.8234007133515
Anuradhapura,1.8873763393121612,Hybrid_A,Loam,Canal,1452.2321395048937,88.98162681947257,3325.064425269398,Low,4300.0
Anuradhapura,3.107921799902398,Hybrid_B,Loam,Rainfed,993.4349645165057,99.11995245239085,2878.36707351687,Low,3864.9487274018825
Anuradhapura,1.6112661463083007,Hybrid_A,Clay,Tank,1347.3140433342796,73.82278404570751,2542.6882852456565,Medium,4176.351322934603
Anuradhapura,1.577243334784214,Hybrid_A,Sandy,Tank,890.6073967802871,98.31222065280733,3312.6203391546233,Medium,3921.8907377589553
Anuradhapura,1.0661303683216996,Hybrid_A,Sandy,Tank,1442.7265203563304,43.32956872035534,3045.0152871860355,Low,4300.0
Anuradhapura,3.0710041733208797,Hybrid_B,Loam,Tank,1099.977389587252,93.47468984940194,3550.0360683320628,None,4300.0
Anuradhapura,1.008211170567467,Hybrid_B,Sandy,Tube well,869.5183106816537,51.221796659563424,2772.0916269075688,Low,3429.84862372287
Anuradhapura,1.8006412459003363,Hybrid_B,Clay,Tank,1296.735889810855,42.80850159334435,2815.0473789321086,Low,4095.5820704207417
Anuradhapura,1.149197406324524,OPV_Local,Sandy,Tube well,709.7671040739876,54.557394874592845,3252.834475259405,Low,3124.5825556491814
Anuradhapura,2.6265707127983795,Hybrid_A,Loam,Tube well,908.4049583115005,53.45176389151789,2470.355121377673,Low,3515.5178513222086
Anuradhapura,0.6639104785633361,Hybrid_B,Loam,Canal,758.9254008912485,94.1292460615843,2926.3155908723747,Low,3612.2231830594937
Anuradhapura,2.6444666733770115,Hybrid_A,Sandy,Rainfed,1140.31183178772,98.7608006173747,2961.2379489180894,None,4225.973952162235
Anuradhapura,0.3,Hybrid_A,Clay,Canal,714.6641536405209,55.663074317503394,2977.328283654032,Medium,3055.3629181265887
Anuradhapura,0.7968294007876304,Hybrid_B,Clay,Tank,352.00532906925594,73.21517940611292,2889.1259343746883,Medium,2540.0345551127443
Anuradhapura,2.2033926810746767,Hybrid_A,Sandy,Tank,1540.232599090688,94.79277025059915,2852.2440513611377,Low,4300.0
Anuradhapura,0.7380902060084951,Hybrid_A,Sandy,Rainfed,462.2239766486853,68.64566535156565,2946.6038836132007,Medium,2919.381579779519
Anuradhapura,0.9302918667880452,Hybrid_B,Loam,Tank,1177.6288954167585,68.04512901699172,2520.999345059671,Low,4009.7432155334645
Anuradhapura,1.656741698684629,OPV_Local,Clay,Rainfed,1168.7160178328584,96.70667313833202,2723.614828583218,Low,3984.3653277841972
Anuradhapura,2.738305094824641,Hybrid_A,Loam,Rainfed,1184.23331887551,44.93850686385791,3288.6985213598136,Low,4300.0
Anuradhapura,3.1039759155397517,Hybrid_A,Clay,Tube well,1041.310424208397,71.8016833780368,3160.4993593807962,High,4031.3476998440615
Anuradhapura,0.6996767013337994,Hybrid_A,Clay,Canal,1120.8529081290812,97.08633798264229,2699.1771292722124,Medium,4072.2678097717762
Anuradhapura,0.961621267564256,Hybrid_A,Loam,Canal,1110.594221928292,75.89531358263623,2746.3732370985826,Medium,4008.009055220853
Anuradhapura,3.036724532795183,Hybrid_B,Loam,Tank,657.8273704065045,53.27777338470589,2381.1899504733037,Medium,2930.7626453909843
Anuradhapura,1.7555517923272246,Hybrid_B,Loam,Rainfed,909.1150184688104,89.58094448727638,2373.729660661809,Low,3537.8274522859583
